{
  "checklists": {
    "checklists": []
  }, 
  "checks": [], 
  "customMeta": {
    "kv": {}
  }, 
  "description": "### Contents\nThis dataset contains all known informations on historical customers.\n\n### Usage\n#### Business Intelligence\n\n- We use this dataset to produce some statistics on customers / revenue / country, etc.\n- See some results made public on __Customers analysis__ section on the [dashboard](/projects/DATAIKU_TSHIRTS/pinboard/).\n\n#### Audit the quality of Dataiku Tshirts CRM policy\n\n- What are the __key informations__ the company need to gather about customers ? Preditive analytics helps understanding the how much gathered informations worth the effort.\n- Check out what are the most important variables looking at the best model (it's set a favorite model) in the Analysis [Audit CRM by predicting revenue on all data](/projects/DATAIKU_TSHIRTS/analysis/xXTYPWEJ/ml/p/r3Jhr1Jr/).", 
  "flowOptions": {
    "crossProjectBuildBehavior": "DEFAULT", 
    "rebuildBehavior": "NORMAL"
  }, 
  "formatParams": {
    "arrayMapFormat": "json", 
    "charset": "utf8", 
    "compress": "gz", 
    "dateSerializationFormat": "ISO", 
    "escapeChar": "\\", 
    "hiveSeparators": [
      "\u0002", 
      "\u0003", 
      "\u0004", 
      "\u0005", 
      "\u0006", 
      "\u0007", 
      "\b"
    ], 
    "normalizeBooleans": false, 
    "normalizeDoubles": false, 
    "parseHeaderRow": false, 
    "probableNumberOfRecords": 0, 
    "quoteChar": "\"", 
    "readAdditionalColumnsBehavior": "INSERT_IN_DATA_WARNING", 
    "readDataTypeMismatchBehavior": "DISCARD_WARNING", 
    "readMissingColumnsBehavior": "DISCARD_SILENT", 
    "separator": "\t", 
    "skipRowsAfterHeader": 0, 
    "skipRowsBeforeHeader": 0, 
    "style": "unix", 
    "writeDataTypeMismatchBehavior": "DISCARD_WARNING"
  }, 
  "formatType": "csv", 
  "managed": true, 
  "metrics": {
    "probes": []
  }, 
  "params": {
    "connection": "filesystem_managed", 
    "path": "/DKU_TSHIRTS.crm_and_web_history_enriched"
  }, 
  "partitioning": {
    "dimensions": [], 
    "ignoreNonMatchingFile": false
  }, 
  "schema": {
    "columns": [
      {
        "maxLength": 1000, 
        "name": "customer_id", 
        "timestampNoTzAsDate": false, 
        "type": "string"
      }, 
      {
        "maxLength": 1000, 
        "name": "age", 
        "timestampNoTzAsDate": false, 
        "type": "double"
      }, 
      {
        "maxLength": 1000, 
        "name": "price_first_item_purchased", 
        "timestampNoTzAsDate": false, 
        "type": "double"
      }, 
      {
        "maxLength": 1000, 
        "name": "gender", 
        "timestampNoTzAsDate": false, 
        "type": "string"
      }, 
      {
        "maxLength": 1000, 
        "name": "revenue", 
        "timestampNoTzAsDate": false, 
        "type": "double"
      }, 
      {
        "maxLength": 1000, 
        "name": "ip_country", 
        "timestampNoTzAsDate": false, 
        "type": "string"
      }, 
      {
        "maxLength": 1000, 
        "name": "pages_visited", 
        "timestampNoTzAsDate": false, 
        "type": "double"
      }, 
      {
        "maxLength": 1000, 
        "name": "campain", 
        "timestampNoTzAsDate": false, 
        "type": "boolean"
      }
    ], 
    "userModified": false
  }, 
  "tags": [], 
  "type": "Filesystem", 
  "versionTag": {
    "lastModifiedBy": {
      "displayName": "Administrator", 
      "login": "admin"
    }, 
    "lastModifiedOn": 1461148470735, 
    "versionNumber": 3
  }
}