{
  "checklists": {
    "checklists": []
  }, 
  "checks": [], 
  "customMeta": {
    "kv": {}
  }, 
  "description": "### Contents\n\n- All historical customer's navigational data on the company web site.\n- The yearly revenue these historical customers have generated.\n\n### Usage\n#### Create a model for revenue prediction\n\nHow much can be learnt in terms of revenue prediction using __only customers navigation data__?\nThis is done in the following [Analysis](/projects/DATAIKU_TSHIRTS/analysis/gPd2KlKo/ml/p/60zKZeke/).", 
  "flowOptions": {
    "crossProjectBuildBehavior": "DEFAULT", 
    "rebuildBehavior": "NORMAL"
  }, 
  "formatParams": {
    "arrayMapFormat": "json", 
    "charset": "utf8", 
    "compress": "gz", 
    "dateSerializationFormat": "ISO", 
    "escapeChar": "\\", 
    "hiveSeparators": [
      "\u0002", 
      "\u0003", 
      "\u0004", 
      "\u0005", 
      "\u0006", 
      "\u0007", 
      "\b"
    ], 
    "normalizeBooleans": false, 
    "normalizeDoubles": false, 
    "parseHeaderRow": false, 
    "probableNumberOfRecords": 0, 
    "quoteChar": "\"", 
    "readAdditionalColumnsBehavior": "INSERT_IN_DATA_WARNING", 
    "readDataTypeMismatchBehavior": "DISCARD_WARNING", 
    "readMissingColumnsBehavior": "DISCARD_SILENT", 
    "separator": "\t", 
    "skipRowsAfterHeader": 0, 
    "skipRowsBeforeHeader": 0, 
    "style": "unix", 
    "writeDataTypeMismatchBehavior": "DISCARD_WARNING"
  }, 
  "formatType": "csv", 
  "managed": true, 
  "metrics": {
    "probes": []
  }, 
  "params": {
    "connection": "filesystem_managed", 
    "path": "/DKU_TSHIRTS.web_history_prepared"
  }, 
  "partitioning": {
    "dimensions": [], 
    "ignoreNonMatchingFile": false
  }, 
  "schema": {
    "columns": [
      {
        "maxLength": -1, 
        "name": "customer_id", 
        "timestampNoTzAsDate": false, 
        "type": "string"
      }, 
      {
        "maxLength": -1, 
        "name": "ip", 
        "timestampNoTzAsDate": false, 
        "type": "string"
      }, 
      {
        "maxLength": -1, 
        "name": "pages_visited", 
        "timestampNoTzAsDate": false, 
        "type": "double"
      }, 
      {
        "maxLength": -1, 
        "name": "campain", 
        "timestampNoTzAsDate": false, 
        "type": "boolean"
      }, 
      {
        "maxLength": -1, 
        "name": "revenue", 
        "timestampNoTzAsDate": false, 
        "type": "bigint"
      }
    ], 
    "userModified": false
  }, 
  "tags": [], 
  "type": "Filesystem", 
  "versionTag": {
    "lastModifiedBy": {
      "displayName": "Administrator", 
      "login": "admin"
    }, 
    "lastModifiedOn": 1461148471392, 
    "versionNumber": 4
  }
}