departement,nb_communes,population_2009,menages_2009,naissances_2011,deces_2011,logements_2009,residencesprincipales_2009,residencessec_2009,logvacants_2009,residencesprincipales_proprietaire_2009,ffiscaux_2009,ffiscaux_imposables_2009,revenufiscalmedianmoyen_2010,emploi_2009,population_1564_2009,chomage_1564_2009,actifs_1564_2009,ets_2010,ets_agri_2010,ets_indus_2010,ets_construc_2010,ets_comm_plus_services_2010,ets_comm_2010,ets_admin_2010,ets_service_2010,ets_1_9_2010,ets_10plus_2010,ratio_imposable_2009
48,185,77162.999999999971,33651.59045226076,695,941,57254.439409967541,33651.59045226076,18886.42538255587,4716.4235751509113,21539.700375733348,44169,20499,15699.184782608696,32252.850167227549,48278.274541392631,2458.0257810344001,34065.227599250815,11072,3663,677,917,4366,1126,1449,3240,2463,491,0.46410378319635942
69,293,1708671,737724.44240409089,25921,11648,810341.28973998642,737724.44240409089,18300.881774547481,54315.965561348377,360227.26831301645,952694,562342,20913.287456445993,822447.04417352297,1129741.6706838999,86196.092929347767,815065.49650025158,160824,9219,9158,13666,106429,29131,22352,77298,44822,12711,0.59026507986824728
28,403,425502.00000000006,174629.7411669335,5540,3673,201760.01405286032,174629.7411669335,13468.755099626409,13661.517786300243,115125.85043692321,235245,134867,20221.23076923077,151311.53270388846,271778.52669002424,20584.311698556114,201640.19594437556,31306,5230,2100,3157,16681,5199,4138,11482,8937,2330,0.57330442729919873
30,353,701883,303042.74065672111,8467,6567,381902.14648038731,303042.74065672111,48741.801823543443,30117.604000123632,179120.01334154094,407283,191717,17176.902077151335,237914.82345961861,444846.08155901445,47478.78836162253,305920.30811810482,70263,9364,4316,8653,38294,11990,9636,26304,17310,3342,0.47072183223949932
60,693,801512,313740.99493746518,11032,6217,342914.06320456922,313740.99493746518,9540.3688181748876,19632.699448929499,195121.78347126444,436825,248778,20564.849999999999,279109.35748505179,531276.2202640255,43184.153465965232,386357.13238282001,50143,4353,3050,5492,29508,8735,7740,20773,15182,3867,0.56951410748011222
81,323,374018.00000000006,163168.12488758203,4006,3916,194483.73781831315,163168.12488758203,14782.541171470313,16533.071759260729,108687.16618283653,216160,100024,17061.84296028881,132626.33083960644,229679.26405216093,19041.053988086715,162108.89742386577,38043,8058,3065,3806,17712,5670,5402,12042,9165,2044,0.46273131014063656
18,290,311022,139939.51085208499,3159,3481,170850.31844066037,139939.51085208499,14148.298158165755,16762.50943040962,92162.366648683659,182491,94179,17591.026119402984,118902.99823181593,193959.56116910512,15582.207872998004,137755.12424857161,24858,4976,1702,2474,12389,3878,3317,8511,7342,1655,0.51607476533089303
50,601,497762,217842.3234658977,5193,5141,278200.16861653642,217842.3234658977,41332.965488479676,19024.879662158928,134637.03605068041,279703,135380,16821.319012797074,197330.842855303,307717.64475630684,20839.386350949739,219806.1632682535,45016,13168,2455,3453,20031,6485,5909,13546,11624,2675,0.48401339992778053
71,573,554720,247306.45460363253,5811,6116,295739.90466633788,247306.45460363253,23417.88270610667,25015.567356598778,153953.81853490591,316446,161813,17999.176125244619,218369.35814226576,342944.91023990262,25829.931393130471,245832.33110456963,47955,10247,3168,4259,23909,7738,6372,16171,13827,3091,0.51134474760306659
64,547,650356,289032.25238925446,6459,6321,358548.00664608733,289032.25238925446,47360.085485814758,22155.6687710183,176999.97490838962,381016,201869,18075.592672413793,267007.76982904662,410448.94372520666,28431.622348878736,293101.24223060213,73663,14162,4251,6559,37971,10220,10720,27751,18430,4059,0.52981764545320931
24,557,412081.99999999994,185226.85753502286,3645,4865,240477.5022741876,185226.85753502286,34402.76069305728,20847.884046107436,125792.55381456431,244597,112322,16500.198019801981,152657.76077457116,249736.85877880669,19651.719947882462,175166.85874854794,45622,11074,2884,5076,21212,6708,5376,14504,11356,2181,0.45921250056214918
57,730,1044898,436244.91724703676,11474,8978,478561.49185962306,436244.91724703676,8037.8391440479127,34278.735468538762,258296.45043886878,574575,278293,19399.311897106109,376085.28469032631,694739.48316641198,57405.718534408144,489982.70732250204,65863,4471,4302,7307,38737,12352,11046,26385,19598,5049,0.48434582082408739
14,706,680908,293072.21034396102,8041,5996,381942.38501853717,293072.21034396102,69327.921648155243,19542.253026420767,165232.0438096055,380841,201262,18681.072368421053,279761.61929500208,440812.0730550235,34207.143052277905,313334.88827530504,58738,8469,3172,5354,33366,9996,8377,23370,16621,3948,0.52846726061532245
93,40,1515983,578228.09185424424,28362,8334,614929.9757637179,578228.09185424424,4659.4903624802992,32042.393546993408,237235.50137448928,827161,415944,16461.400000000001,540053.10891764949,1018547.5477888344,121656.99804839723,738647.8158211126,102883,114,5070,15297,71524,24685,10878,46839,28179,7877,0.50285736392310565
38,533,1197038,497220.75731365662,15739,8116,582632.99688186904,497220.75731365662,50527.479335687618,34884.760232524764,299966.48720406817,658214,381176,20224.291666666668,483053.9064240522,783357.07575361861,54699.953154536903,570684.63309740648,100287,7782,6639,11004,58241,16144,16621,42097,26862,7159,0.57910649120194957
68,377,748614,312346.80147189554,8927,5988,350409.02472425852,312346.80147189554,9132.5271298746211,28929.696122488254,190419.40123979532,409087,236921,22948.549597855228,288090.14618201752,490715.77686350868,42108.243770616362,361970.96814683301,54412,6172,3557,4643,32427,10186,7613,22241,16492,4158,0.57914575628167109
76,745,1250120,537703.92068166647,16146,11197,593620.07798190333,537703.92068166647,21662.782431055821,34253.374869180741,284338.60404889204,699661,371252,19004.198412698413,513993.25020845263,813954.68254402338,70320.681709321143,573427.49041326344,80821,7524,4714,6732,48792,14684,13059,34108,24630,7392,0.53061697021843435
16,404,351563,156917.03623996186,3459,3799,185504.98632096197,156917.03623996186,11230.577397663415,17357.372683336769,104497.33288946333,204422,98700,16529.635170603673,142245.7815219881,219942.37552782072,17993.287378711611,157573.02098776988,33192,7585,2322,3144,15970,5802,4171,10168,8995,2091,0.48282474489047167
10,433,303298,132447.44125530415,3635,2877,151512.32330077421,132447.44125530415,6878.4244159500686,12186.45762952005,77789.27744572566,170911,88499,19234.167159763314,119156.00337409764,193781.34740393169,17332.252789896411,138024.81201896779,27149,6718,1860,2400,12636,3982,3535,8654,8065,1697,0.51780751385223889
46,340,173561.99999999997,79575.45467379097,1423,2118,110544.06287455064,79575.45467379097,21139.885038222255,9828.723162537417,54987.961826459366,101592,47926,16778.137417218542,66329.44467098586,104538.00707539686,7786.5485593350568,74218.369521845758,22704,6250,1494,2289,9937,2984,2734,6953,4994,886,0.47174974407433656
12,304,277047.99999999994,123893.51082738356,2683,3264,169413.23164632125,123893.51082738356,30088.444356549462,15431.276462388216,85915.949596227743,159841,74538,15680.625862068966,112768.16533896379,166526.02512166178,9407.6089343013919,121578.44042225956,36308,11172,2935,3156,14970,4439,4075,10531,7870,1688,0.46632591137442836
972,34,396404,159371.40277327003,4475,2741,192236.99372130338,159371.40277327003,8495.8264717187176,24369.764476314678,87522.160356464927,231461,71332,12456.10294117647,134467.67319593165,259000.32224682072,45513.525808116174,178566.30306584822,55755,4809,3681,5362,36866,9752,5037,27114,8283,2140,0.30818150789981896
72,375,561049.99999999988,241511.39560789091,6810,5187,276168.10168328759,241511.39560789091,13922.806328867351,20733.899746529409,153855.39547048931,309904,163813,17720.264124293786,225314.32519070484,352584.94873998687,27172.635248317427,257460.61700196812,38524,6608,2423,3329,20722,6189,5442,14533,11053,2941,0.52859272548918379
06,163,1079100,495595.84940472699,11999,10670,724251.10295161663,495595.84940472699,169715.80096669603,58939.452580193974,272050.46845558292,679498,382801,19540.186619718308,416092.66299194738,672436.54863507336,53855.359633595734,483852.91469978454,140947,2267,6374,17575,97225,26550,17506,70675,34830,6311,0.56335853821497639
61,505,292210,127582.033533145,3105,3123,158111.00412339033,127582.033533145,17154.779633384125,13374.190956860984,79865.652076801663,165236,78689,17063.167070217918,115444.46346356827,179762.15756738736,14104.014579464338,127396.03697975239,27658,8330,1654,2386,11662,3716,3626,7946,7255,1636,0.47622188869253673
83,153,1007303,445525.80546349112,11146,10441,654145.47082743607,445525.80546349112,171644.74205420254,36974.923309742466,263644.7374565475,617691,328512,18748.136054421768,348046.62383089069,620760.60204342182,55532.050275141097,427950.94902317179,112085,7003,5695,14603,70099,22037,14685,48062,27222,4891,0.5318387349014313
94,47,1318537,552446.19857139559,20991,8311,589569.23978805065,552446.19857139559,7009.6224179088968,30113.418798746203,253592.75098085703,756403,470359,22594.244680851065,513262.96799514949,887772.40094059717,74333.92873663854,670167.04550416674,91631,206,3723,9508,65926,17801,12268,48125,25402,7217,0.62183650778751542
55,500,194003,82212.869206640898,2119,1940,96087.232578559866,82212.869206640898,4822.0996156957244,9052.2637562230975,54261.852661294957,108043,51717,17009.18181818182,68797.304099175599,123998.82009508683,10261.843944102682,88085.077445564806,14726,3365,1080,1229,6520,2026,2532,4494,3998,967,0.47867052932628673
43,260,223121.99999999994,96158.172637858414,2300,2337,135254.06846321531,96158.172637858414,25089.443475114469,14006.45235024248,66072.517304060966,127112,59533,15615.364055299538,82143.91791809586,137740.66717349162,8773.4135139531099,99301.485790094579,23881,6448,2028,2239,10197,3094,2969,7103,5449,1327,0.46835074579898045
62,895,1461257,586639.06500962819,19720,13919,667526.4513615371,586639.06500962819,43997.800400380191,36889.585951529647,336701.38065955986,800805,352230,17259.764417177914,494197.30806433229,946477.85402300325,94908.059580006593,633503.72494027682,83571,9105,4725,7205,47983,16499,14553,31484,24682,7095,0.43984490606327381
40,331,379341,165259.71018612789,3853,3859,228195.80476524343,165259.71018612789,48991.664316373921,13944.430262741591,107384.46764018839,225566,117297,18059.047540983607,142172.65153020254,236139.39714261534,18578.447260420344,169552.52989915659,40554,8977,2436,3975,19925,5879,5241,14046,9838,2119,0.52001188122323405
13,119,1967299,842855.30267076287,25890,16435,936424.79968257155,842855.30267076287,33350.762022841547,60218.734988966738,429527.44983627409,1132168,592068,21226.903361344539,782764.95015163242,1277021.943612329,122618.68607630424,870590.33260200429,190094,7322,10135,18491,123726,36844,30420,86882,48517,11574,0.52295065749959369
51,620,566145,248286.45266157229,7070,4831,274658.8547348401,248286.45266157229,6371.4384905070929,20000.963582760665,127011.75766072908,308365,173331,21023.584245076585,247454.06351831727,376015.6854507972,29585.362888382671,269525.72120713652,54618,17358,2965,3934,23701,7150,6660,16551,15089,3403,0.56209686572730366
09,332,151117,67857.700536269898,1404,1672,101698.42773629013,67857.700536269898,25505.733525449705,8334.9936745705891,45116.300841346558,89010,39859,16282.935096153846,55080.890930543217,92888.985690671499,8207.4082363813886,65322.997892932377,16764,3186,1260,1921,7803,2364,2594,5439,3829,812,0.44780361757105941
31,589,1230819.9960204386,552887.40350542637,16031,8297,614464.40254347224,552887.40350542637,22538.574643600281,39038.424394445385,291439.20395284693,686993,400313,20187.59534368071,571828.53224324086,837899.98495216528,65138.177721573811,607738.86484380567,113584,8604,5714,11690,68469,17554,19107,50915,28906,7963,0.5827031716480372
78,262,1407560,548803.68102779123,19886,8430,590689.220207565,548803.68102779123,12068.658587458531,29816.880592315403,327299.7298752059,744425,517345,27551.849609375,544443.38145999447,930346.36419192096,57889.565169959838,694633.0776320555,100372,1575,4358,8896,70288,17768,15255,52520,25461,7243,0.69495919669543604
19,286,243352,110824.04290655121,2196,3104,147508.63027832707,110824.04290655121,22040.603404004629,14643.983967771273,74226.42421880443,142376,71815,17190.854581673306,100384.16902027024,149004.14287865683,8763.1667539408136,106851.88445166968,27043,7817,1890,2474,11477,3679,3385,7798,6359,1462,0.50440383210653483
44,221,1266358,545645.80544034985,16747,9888,647485.17061609286,545645.80544034985,70180.932190751075,31658.432984991912,341915.56926750613,702745,394566,18187.830316742082,551153.09419707686,826525.43592313793,57318.962780552349,600894.68282883603,99982,7994,5855,9546,61607,16974,14980,44633,27567,7956,0.56146397341852305
84,151,540065,230240.72217898816,7008,4783,273467.59982328623,230240.72217898816,20036.825957432411,23190.051686865725,127665.18341878484,317480,152677,18318.646853146853,213944.02078380814,342241.8078907755,33811.510295903536,239601.26590579006,63326,7751,3817,7400,36535,11747,7823,24788,15832,3337,0.48090273403049011
974,24,816364,284390.01404686278,14124,4002,314053.24664927152,284390.01404686278,6408.0441569164095,23255.188445492407,150377.21662999576,435180,117877,10082.645833333334,238622.4411147075,541183.87458392908,119716.24714548491,356823.73158257309,67303,7544,5326,6523,38129,14237,9781,23892,14660,3769,0.27086952525391794
52,433,185213.99999999997,81711.140685857477,1916,1872,99636.714377049822,81711.140685857477,7512.9344990855334,10412.639192106979,52324.811677450845,106195,51085,17240.731225296444,75118.30868034318,116485.96043576502,9716.4604472624906,82365.829508533032,14497,2921,1181,1230,6787,2371,2378,4416,4368,1025,0.48104901360704366
47,319,329697.00000000006,146414.29387311736,3397,3518,172918.96482460698,146414.29387311736,10122.104345851076,16382.56660563872,93315.815671155811,191290,86828,16550.326666666668,126129.6612879679,201351.19339615697,17277.808027655716,142240.75637030171,34606,8414,2338,3455,16141,5479,4258,10662,9003,1996,0.45390767943959431
22,373,587519,261077.74860962055,6221,6835,338593.80455209198,261077.74860962055,53783.214409737237,23732.841532734299,184299.67857511621,337055,168932,16924.61820652174,222581.77957112627,357048.04126495036,23024.826208376955,252933.32773315551,52386,11874,2971,4973,25599,7603,6969,17996,14129,3154,0.50120010087374467
08,463,283296,120290.88228788099,3137,2746,136964.2950983379,120290.88228788099,5180.8815063409784,11492.531304115812,71537.21352506394,158540,72228,17176.737942122185,99662.210902549617,181539.30533839655,18289.174434611585,125573.62580070883,21286,4237,1604,1994,10228,3386,3223,6842,6059,1436,0.45558218746057777
27,675,582822,235506.08359761641,7738,4893,270102.45715193445,235506.08359761641,19037.290404897012,15559.083149421211,150674.3474929028,321431,177424,19927.785256410258,204030.04253196582,376708.01103585056,31016.958054090897,275604.99001675769,41269,5609,2612,4832,22748,7071,5468,15677,11910,2886,0.55198160725007861
02,816,539870,222949.36055495741,6939,5341,252163.48670009378,222949.36055495741,10037.518232826153,19176.607912310399,139015.62279132649,302247,141465,17589.9584,183575.48166515006,345284.25827442604,34522.588060008871,240139.43230055232,35976,6532,2248,3521,17902,5676,5773,12226,11013,2632,0.46804434783471799
23,260,123583.99999999999,57450.80420852817,967,1949,85706.0195680576,57450.80420852817,17938.839661810121,10316.375697719324,41015.04069869384,74347,31292,15247.019736842105,45597.746848900068,73662.959956817082,5316.3275281490778,51346.359782132822,14528,5296,860,1227,5287,1517,1858,3770,3235,580,0.42089122627678321
35,353,977449,420273.19260647648,13033,7256,482611.59301157627,420273.19260647648,31976.829626301089,30361.570778797963,252558.8512846707,525080,291520,18068.406876790832,437168.16804522462,639653.54330945108,39182.677034008804,465170.44991174614,78311,10937,4364,6595,44716,11897,11699,32819,21182,6434,0.55519158985297479
2A,124,141329.99999999994,59881.636540071122,1422,1444,101033.17565102212,59881.636540071122,37228.425573862907,3923.1135370882107,33389.874271126944,82884,41749,17014.126436781607,56809.564954727299,90498.884160989328,7168.1089523230767,63170.516580933167,20251,1469,950,2837,12708,3415,2287,9293,5275,976,0.50370397181603199
11,438,353980,157068.2124056562,3789,3866,237701.38567991831,157068.2124056562,62117.381619991946,18515.791654269855,99465.314268869362,203672,89261,15639.359589041096,123127.77008263806,217448.00001372624,22674.455290558064,148233.83836170647,42993,11636,2196,4137,19935,6468,5089,13467,9438,1830,0.43825857260693662
29,283,893914,402054.21531406173,9615,9562,502668.16514531878,402054.21531406173,66824.011995164852,33789.937836092802,279546.51053209224,510183,267713,17891.916666666668,358287.7130635496,563847.59319243871,39678.616223381672,398589.89210037194,70611,11190,4272,6870,37551,10462,10728,27089,20008,5026,0.52473916222218298
74,294,725794,309276.39107403473,9476,4750,443319.61587248545,309276.39107403473,108474.18361285875,25569.041185592021,189587.26748994496,407825,246802,24017.249140893469,288693.6399196579,482248.51017474389,29991.39736557116,372216.53011493012,75427,4060,4304,7864,46367,12170,12832,34197,19919,4762,0.60516643168025497
03,320,343046.00000000012,159601.38850593605,3196,4221,198835.50145243798,159601.38850593605,14595.331097338287,24638.781849163748,100785.40178753593,207155,99126,16479.471153846152,130985.79556435156,210214.51070427257,16520.728198739846,147630.16142057901,31127,7338,1864,2664,15234,5213,4027,10021,7988,1834,0.47851125968477709
04,200,159450,71620.858011630087,1578,1657,118485.72760673361,71620.858011630087,38377.567793810864,8487.3018012925804,41778.66748768941,93412,45975,16842.470588235294,58679.997743404565,98468.551877091275,8157.4290101273145,69670.293885179766,20697,3110,1272,2180,11045,3022,3090,8023,4753,896,0.49217445296107565
32,463,187181,82612.154952240511,1587,2166,101303.60516525789,82612.154952240511,9495.5226804387221,9195.9275325786602,56442.578259713635,110010,50603,17128.406050955415,69980.482278014199,113028.30341159193,6985.7105614584052,81689.582359688735,28571,11179,1463,2411,10457,3154,3061,7303,5728,1037,0.45998545586764839
66,226,445890.00000000006,201985.11134464914,4843,4966,317268.69191169727,201985.11134464914,92694.379803276825,22589.200763771383,121757.04756971542,268618,122552,16484.757062146891,152234.73810475427,272470.11114963767,28821.217528574234,181678.48654705868,49755,6853,2425,5655,28118,8769,6704,19349,11606,2334,0.45623152580988618
87,201,374849.00000000006,175857.55516801236,3907,3937,208628.87978993912,175857.55516801236,15957.967259555144,16813.357362371942,107684.50884509968,214125,111010,16754.889447236183,151235.13602146361,238403.26665493299,16919.78840794296,167143.49112637644,30803,5634,2078,2853,15736,4624,4502,11112,8221,2071,0.51843549328663163
92,36,1561745,689129.65310735407,25084,9769,755486.01763571089,689129.65310735407,18915.489734882438,47440.87479347406,290894.25140177086,893089,612557,27693.638888888891,940793.69570333511,1049126.2497407042,78090.813277606023,811698.5694937025,142892,222,5814,8816,110795,21626,17245,89169,33893,11085,0.68588572919384294
80,782,569775,238134.68668056757,6989,5415,278318.5685810927,238134.68668056757,22149.229575686601,18034.652324838829,147256.65438469691,317812,156150,18124.471864951767,220772.95429900865,372576.87154282851,34486.533411573459,258427.00374085156,39119,6646,2370,3161,20238,6284,6704,13954,11844,2957,0.49132820661271442
63,470,629416,286792.44714402087,6828,5888,358374.88462129701,286792.44714402087,36711.191525244394,34871.245952031932,175989.99362203979,363571,194609,17623.474477958236,262645.99179958808,414921.61493376608,29819.219292642578,292263.91007679712,55971,9652,3541,5163,29169,8686,8446,20483,14359,3664,0.53527096495595083
41,291,327868,143246.31668332365,3667,3365,173540.17580929986,143246.31668332365,15003.938201859652,15289.920924116528,96843.545912290079,188954,102046,18870.600746268658,126361.18728059862,201127.1167199543,15150.071716785336,147085.74189348693,25822,4676,1756,2701,13116,4058,3573,9058,7793,1803,0.54005736846004848
33,542,1434661,638492.2194402219,17098,11817,747542.05074228847,638492.2194402219,64651.568368841603,44398.26293322604,357013.9718097173,828446,454038,17948.375722543351,612454.79748426005,950278.75001862738,74888.227438822825,679696.9973285069,138624,16159,6894,14315,81287,24242,19969,57045,36616,9124,0.54805986147558194
45,334,653510.00000000012,278099.2779062363,8686,5514,318136.42641789734,278099.2779062363,16936.850654566279,23100.297857094818,171782.87215577182,364713,212803,19868.220820189275,273684.26554985432,420061.87239152601,30970.197709879176,308392.14478159096,46711,5046,2866,4918,27551,8615,6330,18936,13498,3922,0.58348070948937936
56,261,716182,317095.11867174046,7895,7436,422130.58136677486,317095.11867174046,79073.671121078238,25961.791573956303,215203.06940611807,410282,214400,17602.486538461537,278041.69986832823,447752.90395628888,30883.931135944054,315974.62756654545,62013,10128,3823,6165,33021,9481,8876,23540,17055,4030,0.52256740485812192
79,305,366338.99999999988,158663.89645883982,4006,3722,180621.32357037204,158663.89645883982,9128.8829287950757,12828.544182737127,108316.21749361599,206364,102604,16699.726643598617,155067.02316914743,227925.59501491679,14937.032321218181,168767.32616539631,30007,7249,1851,2740,14200,4074,3967,10126,8056,2270,0.49719912387819581
05,177,135836,61084.880566946893,1399,1232,125109.45139596822,61084.880566946893,57315.919144094631,6708.6516849267109,36752.756433416049,80890,41933,17337.814685314686,57972.077730721059,85390.119020501937,5062.8282236228624,62403.907771605904,21095,2866,1053,1901,11119,2741,4156,8378,4861,956,0.51839535171220175
65,474,229670,103779.06217845401,2110,2657,148497.46317944484,103779.06217845401,33396.886678531431,11321.51432245947,66864.439441891533,138975,67855,18281.12075471698,90270.955410572074,141998.00751790064,11102.278099121813,100202.49284160254,27699,5979,1399,2568,13488,3915,4265,9573,6281,1310,0.488253282964562
70,545,239193.99999999997,101963.25301771476,2643,2338,120570.7902677401,101963.25301771476,8270.5111765441234,10337.02607348132,69341.07705832897,134528,66056,17619.292929292929,82185.244291972645,151158.6533440334,11537.050382398438,108819.59568728118,18449,3258,1356,1994,8931,3010,2910,5921,5089,1121,0.49102045670789723
01,419,588853,239057.61425813229,7265,4305,274974.89468936599,239057.61425813229,16894.207213274723,19023.073217958983,148889.89405332642,315705,180839,20341.633838383837,215105.64032705681,381238.82184511051,23784.102251059281,288328.18821078655,45604,5512,3745,4999,25219,7528,6129,17691,12679,3365,0.57281006002438983
15,260,148380,67093.201519467591,1237,1919,96786.54642795003,67093.201519467591,19728.426352412425,9964.9185560699807,45771.534602686297,89247,39767,15111.24537037037,60613.87578035261,91339.034154543406,5000.4263382701756,66364.82203831189,19061,6599,1195,1550,7607,2296,2110,5311,4292,868,0.44558360505115019
58,312,220199,102845.99613187589,1999,2995,139229.01066736449,102845.99613187589,21969.999929737496,14413.014605751023,67819.783894502791,130852,63455,16635.234317343173,82003.785184686305,133284.9219614967,10899.236178122086,91194.596388917707,19276,4758,1141,1663,9117,2753,2597,6364,5349,1162,0.48493718093724208
67,527,1094439,460500.34677708201,13030,8258,505760.7849750311,460500.34677708201,11899.85492035421,33360.583277595309,260983.91466656962,593892,345003,21010.03564547206,464857.32015988656,733997.09653764113,55092.582039531066,537344.09790174547,86051,7165,5380,7308,53034,15499,13164,37535,25672,6546,0.58091875290456851
91,196,1208004,467035.30058068322,18493,7292,499607.94005890674,467035.30058068322,6793.8388212384552,25778.80065698512,283675.29854427959,654935,433001,24943.732804232804,432575.54897186853,803352.78683806909,54064.982260006276,599993.46410385985,77390,1173,3642,9204,52175,14989,11196,37186,20614,6408,0.66113583790757857
59,650,2571940,1044527.3997488181,36678,21697,1122348.6640858431,1044527.3997488181,12348.01665846168,65473.247678563326,582033.84914561512,1399565,675377,18391.650855365475,984937.40883002768,1696984.3316165926,173369.72047701769,1151347.2143922911,157110,8590,8754,12173,100011,30193,27582,69818,44640,14576,0.48256208178969895
49,363,780082,328432.30904931872,10320,6227,360144.35340398189,328432.30904931872,10303.267988843263,21408.776365819591,196444.01544895343,417162,214435,17188.222535211269,323352.59901903028,497833.55263000249,35444.396847906035,363689.12495189894,59201,10328,3915,5235,31127,9150,8596,21977,16898,4798,0.51403291766747694
39,544,261277,114506.09811926637,2758,2593,141009.89741673812,114506.09811926637,15147.991839206301,11355.807458265448,73292.444405514063,146574,76500,18486.567602040817,99411.035426364149,162816.97450018098,11350.512614273028,119435.70389692242,22842,3327,2054,2189,11642,3674,3630,7968,6549,1521,0.52192066805845516
25,594,525276,229297.90057803883,6826,4146,258072.07980888296,229297.90057803883,11902.037090298983,16872.142140545169,134080.40072097076,289161,160958,19984.743529411764,221402.3467338731,343780.00233052502,26365.475349647717,249695.28690570133,38760,3999,2907,3469,21656,6544,6729,15112,11292,2925,0.5566379975169542
82,195,239291,100245.83500434876,2978,2206,118367.18255550094,100245.83500434876,7304.6364590856574,10816.711092066615,66810.695189036356,138407,61915,16222.826470588236,85176.827089257771,148453.82857188155,12585.514013151222,106462.04573483588,25675,6784,1493,2628,11709,4195,3061,7514,5909,1281,0.44734009118035939
73,305,411007.00000000006,178819.97353745188,4917,3272,315846.29048495699,178819.97353745188,121062.62954255985,15963.687404945184,106361.69229980372,238819,139151,19963.357388316152,184466.29009936779,266704.36298768438,15079.693413768062,198151.29931672735,52915,3902,2743,5266,30023,7240,10981,22783,13074,3171,0.58266302094891953
971,32,401553.99999999994,160772.46645904964,5384,2835,201513.50756150426,160772.46645904964,12166.790497709788,28574.250604744826,96877.809840249334,228803,64246,,125728.86891640976,259339.9442480295,50312.434238523041,174340.8678812875,59300,8648,3997,6968,34493,11794,5194,22699,8830,2111,0.28079177283514639
2B,236,164344,69922.907051446819,1662,1527,111650.55301645464,69922.907051446819,37567.19635200825,4160.4496129994995,38086.04375877008,91003,41336,15734.513698630137,62453.386676368333,107101.48321841992,8193.0974218717438,70242.21901895976,21973,2494,1251,2984,12682,3581,2562,9101,5688,996,0.45422678373240444
42,327,746115,322619.74552000005,9357,7002,371610.35600478307,322619.74552000005,17526.913430604531,31463.697054178414,187126.68113617037,417187,210725,17859.175632911392,285354.96349339868,468594.80098983133,36193.783909286867,329364.69097534037,61143,7173,4711,6028,34518,10803,8713,23715,17131,4526,0.5051092196065553
86,281,426065.99999999988,193398.22399714674,4885,4079,225080.98993647416,193398.22399714674,12200.034626349272,19482.731312978034,117211.52724751171,236301,121034,17077.025179856115,173245.13637644367,274884.52859998116,20107.356598268681,194656.3201527732,33563,5903,2141,3100,17708,5113,4711,12595,8989,2473,0.51220265678096999
95,185,1168892,435816.61514454486,19551,6709,462761.3874544311,435816.61514454486,4868.8318076579762,22075.940502227913,251979.66384761097,629618,381440,24250.620689655174,434772.76610668673,787089.98886294139,66660.925012004489,583396.54747854511,72024,846,3675,9212,48290,15068,10001,33222,19565,5742,0.6058276605814954
53,261,305147,128694.30997409436,3733,2734,147687.50784722509,128694.30997409436,7788.6898030396878,11204.508070091118,83580.226760630787,163617,82764,16431.110465116279,128565.13810244328,187652.62128678701,10539.185961593254,140581.64009080618,27396,9251,1656,2062,11209,3362,3218,7847,6656,1779,0.50583985771649642
37,277,588420,262500.71974653954,6696,5096,295361.59200393729,262500.71974653954,13114.840217267361,19746.032040130242,153375.7364825758,327981,182018,18107.677536231884,243259.00547328297,379592.87982524332,27449.257346840874,273777.30529693654,44974,5945,2825,4347,24916,7046,6941,17870,13222,3450,0.55496507419637109
89,455,343377,148495.91002311141,3699,3900,188669.13402389767,148495.91002311141,23043.028485809416,17130.195514976451,99879.645843779464,199293,103930,18329.023809523809,128940.12855489297,213140.66207999139,17480.660358229834,153387.33111897667,28134,5168,1904,2843,14310,4725,3909,9585,8243,1858,0.52149347944985525
54,594,731018.99999999988,319366.75537661754,8499,6206,351789.65319323156,319366.75537661754,5261.597761529295,27161.300055084928,182915.05316311255,400652,205628,19247.170731707316,271304.1787869549,485590.92460316722,39062.917062069515,338591.70294684434,47370,3245,3187,4676,27099,8054,9163,19045,13710,3746,0.51323342950989892
07,339,313578,135349.38823031925,3360,3307,185717.24198051888,135349.38823031925,35640.328659594532,14727.525090605164,89877.988650666492,182238,88411,16357.300970873786,106419.57157200165,193806.9534104965,15402.631714250523,137128.26958232821,31047,6260,2171,3442,15106,4691,4068,10415,7546,1591,0.48514031102185057
34,343,1031974,460798.08277758933,13000,9326,633527.62454417592,460798.08277758933,125955.83687019942,46773.704896386938,255776.8312245307,609603,296132,17578.514285714286,385049.03725007945,667037.90287720866,68681.479676973715,450079.49019151507,120089,14386,5727,13197,69836,20689,16943,49147,27286,5773,0.48577844925303848
75,1,2234105,1159952.1502461,30094,13771,1353036.4032248601,1159952.1502461,87364.122504993793,105720.13047376499,383910.48356495897,1444130,934837,25044,1805470.3603244501,1595715.92223302,134137.954939513,1216528.9247677701,474402,728,17153,23946,389695,75398,42880,314297,123177,24260,0.6473357661706356
21,706,524144,233765.88001883859,5906,4500,268172.40839291841,233765.88001883859,14490.861989834762,19915.666384245033,142278.44342954239,291407,167808,19477.628099173555,232988.50302158191,345902.30418936018,22843.4339713142,250964.73529362818,45549,6284,2800,4095,25446,7824,6924,17622,13263,3329,0.57585438922194732
85,282,626411,266258.92775849794,7442,5823,385060.62560451648,266258.92775849794,101947.22253441293,16854.475311605926,191737.27750265916,356230,185724,17308.177304964538,255229.96802987644,388570.22565596236,25558.771931645486,286065.7506155906,52970,8147,3902,5651,28753,8235,6517,20518,14904,3784,0.52135979563764978
77,514,1313414,501051.10504133633,19824,8257,551198.79763716622,501051.10504133633,17067.787138085172,33079.905457744615,316583.3005325821,708755,448739,22540.824649298596,438939.77425338444,883806.02550656907,62105.084763005922,665050.69537188637,86998,3566,4931,10417,55726,17073,12358,38653,24452,7107,0.63313697963330062
17,472,616607,280081.57978625072,6065,6743,398603.67863620596,280081.57978625072,91903.425059093264,26618.673790862336,183086.9421521581,368551,183590,16891.43986636971,228305.01283624777,380924.26758685103,32807.086881052353,266470.94610716804,62947,10739,3717,6673,33878,10914,7940,22964,16981,3457,0.49814001318677742
26,369,482983.99999999988,206433.7779683985,5978,4234,244145.97561059965,206433.7779683985,19859.480400381803,17852.7172418193,126392.78146474189,275960,138760,17382.301075268817,203334.62457565655,304172.02047693694,26469.092541456994,218151.605092463,50136,7831,3527,5251,26857,8655,6670,18202,13286,3267,0.50282649659370926
973,22,224469,63000.439347805499,6259,714,69857.261998908347,63000.439347805499,1504.2621348918681,5352.560516210965,27904.481893148848,90569,25307,,59300.493876085893,136237.96474390465,25115.386923138121,83629.405858120386,15293,1435,1417,2133,8818,3182,1490,5636,3013,927,0.27942231889498614
90,102,142461.00000000006,62272.700756622129,1794,1224,67626.441165325392,62272.700756622129,874.1399680301613,4479.6004406730544,33048.745318848793,77476,42688,21011.78947368421,56561.345872923863,93702.644560178567,8659.4191312295061,66800.108519741378,8643,489,597,885,5164,1591,1508,3573,2726,713,0.5509835303836027
36,247,232268,105945.78816688452,2137,2777,134252.46592633985,105945.78816688452,14144.216016750217,14162.461742705093,70651.456060747922,137381,65783,16655.960698689956,91103.492244881301,141192.3806492773,10076.400627224122,101203.85324079341,20429,5466,1397,1665,9431,2846,2470,6585,5645,1314,0.47883622917288415
88,515,380192,165793.33232669346,3883,3941,202286.19852683478,165793.33232669346,18801.399090058094,17691.467110083271,104240.08558789019,217710,105680,17391.106578947369,147262.40652341649,241722.44824905312,22037.145811069058,172423.8774827017,29774,3780,2514,3337,15531,5369,4612,10162,8752,2136,0.4854163795875247
