{
    "checklists": {
        "checklists": []
    }, 
    "publishPolicy": "UNCONDITIONAL", 
    "rebuildBehavior": "EXPLICIT", 
    "name": "model_web_history_prepared", 
    "versionTag": {
        "lastModifiedBy": {
            "login": "admin"
        }, 
        "lastModifiedOn": 1486653833790, 
        "versionNumber": 11
    }, 
    "tags": [], 
    "miniTask": {
        "targetVariable": "revenue", 
        "predictionDisplayScript": {
            "maxProcessedMemTableBytes": -1, 
            "coloring": {
                "scheme": "MEANING_AND_STATUS", 
                "valueColoringMode": "HASH", 
                "individualColumns": []
            }, 
            "columnsSelection": {
                "mode": "ALL"
            }, 
            "analysisColumnData": {}, 
            "exploreUIParams": {}, 
            "vizSampling": {
                "autoRefreshSample": false, 
                "_refreshTrigger": 0
            }, 
            "sorting": [], 
            "steps": [], 
            "globalSearchQuery": "", 
            "previewMode": "ALL_ROWS", 
            "explorationSampling": {
                "autoRefreshSample": false, 
                "selection": {
                    "targetRatio": 0.02, 
                    "maxReadUncompressedBytes": -1, 
                    "latestPartitionsN": 1, 
                    "filter": {
                        "distinct": false, 
                        "enabled": false
                    }, 
                    "withinFirstN": -1, 
                    "maxRecords": 10000, 
                    "partitionSelectionMethod": "ALL", 
                    "maxStoredBytes": -1, 
                    "samplingMethod": "HEAD_SEQUENTIAL"
                }, 
                "_refreshTrigger": 0
            }, 
            "explorationFilters": []
        }, 
        "backendType": "PY_MEMORY", 
        "predictionDisplayCharts": [], 
        "predictionType": "REGRESSION", 
        "sparkParams": {
            "pipelineAllowMerge": null, 
            "sparkPreparedDFStorageLevel": "MEMORY_AND_DISK", 
            "sparkConf": null, 
            "sparkRepartitionNonHDFS": 1, 
            "pipelineAllowStart": null
        }, 
        "taskType": "PREDICTION", 
        "modeling": {
            "neural_network": {
                "beta_1": 0.9, 
                "beta_2": 0.999, 
                "shuffle": true, 
                "momentum": 0.8, 
                "nesterovs_momentum": true, 
                "layer_sizes": {
                    "gridMode": "EXPLICIT", 
                    "randomMode": "RANGE", 
                    "limit": {
                        "max": null, 
                        "min": 1
                    }, 
                    "values": [
                        10
                    ], 
                    "range": {
                        "scaling": "LINEAR", 
                        "max": 16, 
                        "nbValues": 3, 
                        "min": 8
                    }
                }, 
                "epsilon": 1e-08, 
                "activation": "relu", 
                "max_iter": 200, 
                "enabled": false, 
                "batch_size": 200, 
                "power_t": 0.5, 
                "auto_batch": true, 
                "seed": 1337, 
                "learning_rate_init": 0.001, 
                "tol": 0.0001, 
                "validation_fraction": 0.1, 
                "alpha": 0.001, 
                "solver": "adam", 
                "learning_rate": "constant", 
                "early_stopping": false
            }, 
            "lasso_regression": {
                "alphaMode": "AUTO_CV", 
                "enabled": false
            }, 
            "ridge_regression": {
                "alpha": {
                    "gridMode": "EXPLICIT", 
                    "randomMode": "RANGE", 
                    "limit": {
                        "max": null, 
                        "min": 1e-23
                    }, 
                    "values": [
                        0.1, 
                        1.0, 
                        3.0
                    ], 
                    "range": {
                        "scaling": "LOGARITHMIC", 
                        "max": 3.0, 
                        "nbValues": 3, 
                        "min": 0.1
                    }
                }, 
                "alphaMode": "MANUAL", 
                "enabled": false
            }, 
            "gridSearchParams": {
                "nJobs": -1, 
                "shuffleIterations": 1, 
                "mode": "KFOLD", 
                "splitRatio": 0.8, 
                "nFolds": 3, 
                "stratified": true
            }, 
            "logistic_regression": {
                "penalty": {
                    "values": {
                        "l2": {
                            "enabled": true
                        }, 
                        "l1": {
                            "enabled": false
                        }
                    }
                }, 
                "multi_class": "OVR", 
                "C": {
                    "gridMode": "EXPLICIT", 
                    "randomMode": "RANGE", 
                    "limit": {
                        "max": null, 
                        "min": 1e-23
                    }, 
                    "values": [
                        0.01, 
                        0.1, 
                        1.0, 
                        10.0, 
                        100.0
                    ], 
                    "range": {
                        "scaling": "LOGARITHMIC", 
                        "max": 100.0, 
                        "nbValues": 3, 
                        "min": 0.01
                    }
                }, 
                "n_jobs": 2, 
                "enabled": false
            }, 
            "mllib_naive_bayes": {
                "enabled": false, 
                "lambda": {
                    "gridMode": "EXPLICIT", 
                    "randomMode": "RANGE", 
                    "limit": {
                        "max": null, 
                        "min": 1e-23
                    }, 
                    "values": [
                        1.0
                    ], 
                    "range": {
                        "scaling": "LOGARITHMIC", 
                        "max": 10.0, 
                        "nbValues": 3, 
                        "min": 0.1
                    }
                }
            }, 
            "glm_h2o": {
                "alphas": [
                    0.5
                ], 
                "standardize": true, 
                "family": "gaussian", 
                "beta_epsilon": 0.0001, 
                "max_iter": 10000, 
                "enabled": false, 
                "tweedie_variance_power": 0.0, 
                "n_folds": 0, 
                "lambdas": [
                    1e-05
                ]
            }, 
            "custom_python": [], 
            "vertica_linear_regression": {
                "epsilon": 1e-06, 
                "maxIterations": 200, 
                "enabled": false, 
                "optimizer": "BFGS"
            }, 
            "gbt_classification": {
                "loss": {
                    "values": {
                        "exponential": {
                            "enabled": false
                        }, 
                        "deviance": {
                            "enabled": true
                        }
                    }
                }, 
                "max_feature_prop": {
                    "gridMode": "EXPLICIT", 
                    "randomMode": "RANGE", 
                    "limit": {
                        "max": 1, 
                        "min": 1e-23
                    }, 
                    "values": [
                        0.3
                    ], 
                    "range": {
                        "scaling": "LINEAR", 
                        "max": 0.7, 
                        "nbValues": 3, 
                        "min": 0.1
                    }
                }, 
                "max_depth": {
                    "gridMode": "EXPLICIT", 
                    "randomMode": "RANGE", 
                    "limit": {
                        "max": null, 
                        "min": 1
                    }, 
                    "values": [
                        3
                    ], 
                    "range": {
                        "scaling": "LINEAR", 
                        "max": 8, 
                        "nbValues": 3, 
                        "min": 3
                    }
                }, 
                "learning_rate": {
                    "gridMode": "EXPLICIT", 
                    "randomMode": "RANGE", 
                    "limit": {
                        "max": 1.0, 
                        "min": 1e-23
                    }, 
                    "values": [
                        0.1
                    ], 
                    "range": {
                        "scaling": "LINEAR", 
                        "max": 0.5, 
                        "nbValues": 3, 
                        "min": 0.05
                    }
                }, 
                "enabled": false, 
                "min_samples_leaf": {
                    "gridMode": "EXPLICIT", 
                    "randomMode": "RANGE", 
                    "limit": {
                        "max": null, 
                        "min": 1
                    }, 
                    "values": [
                        3
                    ], 
                    "range": {
                        "scaling": "LINEAR", 
                        "max": 20, 
                        "nbValues": 3, 
                        "min": 1
                    }
                }, 
                "n_estimators": {
                    "gridMode": "EXPLICIT", 
                    "randomMode": "RANGE", 
                    "limit": {
                        "max": null, 
                        "min": 1
                    }, 
                    "values": [
                        100
                    ], 
                    "range": {
                        "scaling": "LINEAR", 
                        "max": 200, 
                        "nbValues": 3, 
                        "min": 80
                    }
                }, 
                "max_features": {
                    "gridMode": "EXPLICIT", 
                    "randomMode": "RANGE", 
                    "limit": {
                        "max": null, 
                        "min": 1
                    }, 
                    "values": [
                        0
                    ], 
                    "range": {
                        "scaling": "LINEAR", 
                        "max": 20, 
                        "nbValues": 3, 
                        "min": 1
                    }
                }, 
                "selection_mode": "AUTO"
            }, 
            "gbt_regression": {
                "loss": {
                    "values": {
                        "lad": {
                            "enabled": false
                        }, 
                        "huber": {
                            "enabled": false
                        }, 
                        "ls": {
                            "enabled": true
                        }
                    }
                }, 
                "max_feature_prop": {
                    "gridMode": "EXPLICIT", 
                    "randomMode": "RANGE", 
                    "limit": {
                        "max": 1, 
                        "min": 1e-23
                    }, 
                    "values": [
                        0.3
                    ], 
                    "range": {
                        "scaling": "LINEAR", 
                        "max": 0.7, 
                        "nbValues": 3, 
                        "min": 0.1
                    }
                }, 
                "max_depth": {
                    "gridMode": "EXPLICIT", 
                    "randomMode": "RANGE", 
                    "limit": {
                        "max": null, 
                        "min": 1
                    }, 
                    "values": [
                        3
                    ], 
                    "range": {
                        "scaling": "LINEAR", 
                        "max": 8, 
                        "nbValues": 3, 
                        "min": 3
                    }
                }, 
                "learning_rate": {
                    "gridMode": "EXPLICIT", 
                    "randomMode": "RANGE", 
                    "limit": {
                        "max": 1.0, 
                        "min": 1e-23
                    }, 
                    "values": [
                        0.1
                    ], 
                    "range": {
                        "scaling": "LINEAR", 
                        "max": 0.5, 
                        "nbValues": 3, 
                        "min": 0.05
                    }
                }, 
                "enabled": false, 
                "min_samples_leaf": {
                    "gridMode": "EXPLICIT", 
                    "randomMode": "RANGE", 
                    "limit": {
                        "max": null, 
                        "min": 1
                    }, 
                    "values": [
                        3
                    ], 
                    "range": {
                        "scaling": "LINEAR", 
                        "max": 20, 
                        "nbValues": 3, 
                        "min": 1
                    }
                }, 
                "n_estimators": {
                    "gridMode": "EXPLICIT", 
                    "randomMode": "RANGE", 
                    "limit": {
                        "max": null, 
                        "min": 1
                    }, 
                    "values": [
                        100
                    ], 
                    "range": {
                        "scaling": "LINEAR", 
                        "max": 200, 
                        "nbValues": 3, 
                        "min": 80
                    }
                }, 
                "max_features": {
                    "gridMode": "EXPLICIT", 
                    "randomMode": "RANGE", 
                    "limit": {
                        "max": null, 
                        "min": 1
                    }, 
                    "values": [
                        0
                    ], 
                    "range": {
                        "scaling": "LINEAR", 
                        "max": 20, 
                        "nbValues": 3, 
                        "min": 1
                    }
                }, 
                "selection_mode": "AUTO"
            }, 
            "nb_sparkling": {
                "enabled": false, 
                "laplace": 0.0, 
                "min_std_dev": 0.001
            }, 
            "gbm_h2o": {
                "learn_rate": 0.1, 
                "ntrees": 50, 
                "family": "AUTO", 
                "nbins": 20, 
                "enabled": false, 
                "min_rows": 10, 
                "grid_parallelism": -1, 
                "max_depth": 5
            }, 
            "decision_tree_classification": {
                "splitter": {
                    "values": {
                        "random": {
                            "enabled": false
                        }, 
                        "best": {
                            "enabled": true
                        }
                    }
                }, 
                "criterion": {
                    "values": {
                        "gini": {
                            "enabled": true
                        }, 
                        "entropy": {
                            "enabled": false
                        }
                    }
                }, 
                "max_depth": {
                    "gridMode": "EXPLICIT", 
                    "randomMode": "RANGE", 
                    "limit": {
                        "max": null, 
                        "min": 1
                    }, 
                    "values": [
                        5
                    ], 
                    "range": {
                        "scaling": "LINEAR", 
                        "max": 8, 
                        "nbValues": 3, 
                        "min": 3
                    }
                }, 
                "enabled": false, 
                "min_samples_leaf": {
                    "gridMode": "EXPLICIT", 
                    "randomMode": "RANGE", 
                    "limit": {
                        "max": null, 
                        "min": 1
                    }, 
                    "values": [
                        1
                    ], 
                    "range": {
                        "scaling": "LINEAR", 
                        "max": 20, 
                        "nbValues": 3, 
                        "min": 1
                    }
                }
            }, 
            "grid_search": false, 
            "random_forest_regression": {
                "max_feature_prop": {
                    "gridMode": "EXPLICIT", 
                    "randomMode": "RANGE", 
                    "limit": {
                        "max": 1, 
                        "min": 1e-23
                    }, 
                    "values": [
                        0.3
                    ], 
                    "range": {
                        "scaling": "LINEAR", 
                        "max": 0.7, 
                        "nbValues": 3, 
                        "min": 0.1
                    }
                }, 
                "max_tree_depth": {
                    "gridMode": "EXPLICIT", 
                    "randomMode": "RANGE", 
                    "limit": {
                        "max": null, 
                        "min": 1
                    }, 
                    "values": [
                        8
                    ], 
                    "range": {
                        "scaling": "LINEAR", 
                        "max": 10, 
                        "nbValues": 3, 
                        "min": 5
                    }
                }, 
                "selection_mode": "AUTO", 
                "enabled": false, 
                "min_samples_leaf": {
                    "gridMode": "EXPLICIT", 
                    "randomMode": "RANGE", 
                    "limit": {
                        "max": null, 
                        "min": 1
                    }, 
                    "values": [
                        3
                    ], 
                    "range": {
                        "scaling": "LINEAR", 
                        "max": 20, 
                        "nbValues": 3, 
                        "min": 3
                    }
                }, 
                "n_estimators": {
                    "gridMode": "EXPLICIT", 
                    "randomMode": "RANGE", 
                    "limit": {
                        "max": null, 
                        "min": 1
                    }, 
                    "values": [
                        100
                    ], 
                    "range": {
                        "scaling": "LINEAR", 
                        "max": 200, 
                        "nbValues": 3, 
                        "min": 80
                    }
                }, 
                "n_jobs": 4, 
                "max_features": {
                    "gridMode": "EXPLICIT", 
                    "randomMode": "RANGE", 
                    "limit": {
                        "max": null, 
                        "min": 1
                    }, 
                    "values": [
                        0
                    ], 
                    "range": {
                        "scaling": "LINEAR", 
                        "max": 20, 
                        "nbValues": 3, 
                        "min": 1
                    }
                }
            }, 
            "deep_learning_sparkling": {
                "momentum_start": 0.0, 
                "rate_annealing": 1e-06, 
                "hidden_dropout_ratios": [
                    0.1, 
                    0.2
                ], 
                "max_w2": -1.0, 
                "epsilon": 1e-08, 
                "activation": "RECTIFIER", 
                "enabled": false, 
                "epochs": 10.0, 
                "momentum_ramp": 1000000.0, 
                "rate": 0.005, 
                "input_dropout_ratio": 0.0, 
                "l2": 0.0, 
                "rho": 0.99, 
                "l1": 0.0, 
                "hidden": [
                    10, 
                    10
                ], 
                "momentum_stable": 0.0, 
                "use_adaptative": true, 
                "dropout": false, 
                "rate_decay": 1.0
            }, 
            "mllib_gbt": {
                "cache_node_ids": false, 
                "subset_strategy": "auto", 
                "subsampling_rate": 1.0, 
                "max_memory_mb": 256, 
                "impurity": "gini", 
                "max_bins": 32, 
                "enabled": false, 
                "max_depth": {
                    "gridMode": "EXPLICIT", 
                    "randomMode": "RANGE", 
                    "limit": {
                        "max": null, 
                        "min": 1
                    }, 
                    "values": [
                        5
                    ], 
                    "range": {
                        "scaling": "LINEAR", 
                        "max": 8, 
                        "nbValues": 3, 
                        "min": 3
                    }
                }, 
                "min_instance_per_node": 1, 
                "min_info_gain": 0.0, 
                "step_size": {
                    "gridMode": "EXPLICIT", 
                    "randomMode": "RANGE", 
                    "limit": {
                        "max": 1, 
                        "min": 1e-23
                    }, 
                    "values": [
                        0.1
                    ], 
                    "range": {
                        "scaling": "LINEAR", 
                        "max": 0.5, 
                        "nbValues": 3, 
                        "min": 0.05
                    }
                }, 
                "num_trees": {
                    "gridMode": "EXPLICIT", 
                    "randomMode": "RANGE", 
                    "limit": {
                        "max": null, 
                        "min": 1
                    }, 
                    "values": [
                        20
                    ], 
                    "range": {
                        "scaling": "LINEAR", 
                        "max": 50, 
                        "nbValues": 3, 
                        "min": 10
                    }
                }, 
                "seed": 1337, 
                "checkpoint_interval": 10
            }, 
            "max_ensemble_nodes_serialized": 6000, 
            "gbm_sparkling": {
                "learn_rate": 0.1, 
                "ntrees": 50, 
                "family": "AUTO", 
                "nbins": 20, 
                "enabled": false, 
                "tweedie_power": 1.5, 
                "min_rows": 10, 
                "nbins_cats": 1024, 
                "balance_classes": false, 
                "max_after_balance_size": 2.0, 
                "max_depth": 5
            }, 
            "glm_sparkling": {
                "family": "gaussian", 
                "beta_epsilon": 0.0001, 
                "max_iter": 100, 
                "enabled": false, 
                "tweedie_variance_power": 0.5, 
                "alpha": 0.5, 
                "lambda": 0.0
            }, 
            "extra_trees": {
                "max_feature_prop": {
                    "gridMode": "EXPLICIT", 
                    "randomMode": "RANGE", 
                    "limit": {
                        "max": 1, 
                        "min": 1e-23
                    }, 
                    "values": [
                        0.3
                    ], 
                    "range": {
                        "scaling": "LINEAR", 
                        "max": 0.7, 
                        "nbValues": 3, 
                        "min": 0.1
                    }
                }, 
                "max_tree_depth": {
                    "gridMode": "EXPLICIT", 
                    "randomMode": "RANGE", 
                    "limit": {
                        "max": null, 
                        "min": 1
                    }, 
                    "values": [
                        8
                    ], 
                    "range": {
                        "scaling": "LINEAR", 
                        "max": 10, 
                        "nbValues": 3, 
                        "min": 5
                    }
                }, 
                "selection_mode": "AUTO", 
                "enabled": false, 
                "min_samples_leaf": {
                    "gridMode": "EXPLICIT", 
                    "randomMode": "RANGE", 
                    "limit": {
                        "max": null, 
                        "min": 1
                    }, 
                    "values": [
                        3
                    ], 
                    "range": {
                        "scaling": "LINEAR", 
                        "max": 20, 
                        "nbValues": 3, 
                        "min": 3
                    }
                }, 
                "n_estimators": {
                    "gridMode": "EXPLICIT", 
                    "randomMode": "RANGE", 
                    "limit": {
                        "max": null, 
                        "min": 1
                    }, 
                    "values": [
                        30
                    ], 
                    "range": {
                        "scaling": "LINEAR", 
                        "max": 50, 
                        "nbValues": 3, 
                        "min": 10
                    }
                }, 
                "n_jobs": 4, 
                "max_features": {
                    "gridMode": "EXPLICIT", 
                    "randomMode": "RANGE", 
                    "limit": {
                        "max": null, 
                        "min": 1
                    }, 
                    "values": [
                        0
                    ], 
                    "range": {
                        "scaling": "LINEAR", 
                        "max": 20, 
                        "nbValues": 3, 
                        "min": 1
                    }
                }
            }, 
            "metrics": {
                "customEvaluationMetricNeedsProba": false, 
                "evaluationMetric": "R2", 
                "liftPoint": 0.4, 
                "customEvaluationMetricGIB": true, 
                "costMatrixWeights": {
                    "fnGain": 0.0, 
                    "tpGain": 1.0, 
                    "fpGain": -0.3, 
                    "tnGain": 0.0
                }
            }, 
            "rf_sparkling": {
                "nbins": 20, 
                "mtries": -1, 
                "ntrees": 50, 
                "enabled": false, 
                "min_rows": 1, 
                "nbins_cats": 1024, 
                "sample_rate": 0.6666, 
                "max_depth": 5
            }, 
            "mllib_dt": {
                "cache_node_ids": false, 
                "max_bins": 32, 
                "enabled": false, 
                "checkpoint_interval": 10, 
                "min_instance_per_node": 1, 
                "min_info_gain": 0.0, 
                "max_memory_mb": 256, 
                "max_depth": {
                    "gridMode": "EXPLICIT", 
                    "randomMode": "RANGE", 
                    "limit": {
                        "max": null, 
                        "min": 1
                    }, 
                    "values": [
                        5
                    ], 
                    "range": {
                        "scaling": "LINEAR", 
                        "max": 8, 
                        "nbValues": 3, 
                        "min": 3
                    }
                }
            }, 
            "leastsquare_regression": {
                "n_jobs": 2, 
                "enabled": false
            }, 
            "mllib_linreg": {
                "max_iter": 30, 
                "enabled": false, 
                "reg_param": {
                    "gridMode": "EXPLICIT", 
                    "randomMode": "RANGE", 
                    "limit": {
                        "max": null, 
                        "min": 0.0
                    }, 
                    "values": [
                        0.1
                    ], 
                    "range": {
                        "scaling": "LOGARITHMIC", 
                        "max": 10, 
                        "nbValues": 3, 
                        "min": 0.001
                    }
                }, 
                "enet_param": {
                    "gridMode": "EXPLICIT", 
                    "randomMode": "RANGE", 
                    "limit": {
                        "max": null, 
                        "min": 0.0
                    }, 
                    "values": [
                        0.0
                    ], 
                    "range": {
                        "scaling": "LINEAR", 
                        "max": 1.0, 
                        "nbValues": 3, 
                        "min": 0.0
                    }
                }
            }, 
            "knn": {
                "algorithm": "AUTO", 
                "distance_weighting": false, 
                "k": {
                    "gridMode": "EXPLICIT", 
                    "randomMode": "RANGE", 
                    "limit": {
                        "max": null, 
                        "min": 1
                    }, 
                    "values": [
                        5
                    ], 
                    "range": {
                        "scaling": "LINEAR", 
                        "max": 7, 
                        "nbValues": 3, 
                        "min": 3
                    }
                }, 
                "enabled": false, 
                "p": 2, 
                "leaf_size": 30
            }, 
            "mllib_logit": {
                "max_iter": 30, 
                "enabled": false, 
                "reg_param": {
                    "gridMode": "EXPLICIT", 
                    "randomMode": "RANGE", 
                    "limit": {
                        "max": null, 
                        "min": 0.0
                    }, 
                    "values": [
                        0.1
                    ], 
                    "range": {
                        "scaling": "LOGARITHMIC", 
                        "max": 10, 
                        "nbValues": 3, 
                        "min": 0.001
                    }
                }, 
                "enet_param": {
                    "gridMode": "EXPLICIT", 
                    "randomMode": "RANGE", 
                    "limit": {
                        "max": null, 
                        "min": 0.0
                    }, 
                    "values": [
                        0.0
                    ], 
                    "range": {
                        "scaling": "LINEAR", 
                        "max": 1.0, 
                        "nbValues": 3, 
                        "min": 0.0
                    }
                }
            }, 
            "svc_classifier": {
                "kernel": {
                    "values": {
                        "rbf": {
                            "enabled": true
                        }, 
                        "linear": {
                            "enabled": false
                        }, 
                        "poly": {
                            "enabled": false
                        }, 
                        "sigmoid": {
                            "enabled": false
                        }
                    }
                }, 
                "C": {
                    "gridMode": "EXPLICIT", 
                    "randomMode": "RANGE", 
                    "limit": {
                        "max": null, 
                        "min": 1e-23
                    }, 
                    "values": [
                        1.0
                    ], 
                    "range": {
                        "scaling": "LOGARITHMIC", 
                        "max": 10.0, 
                        "nbValues": 3, 
                        "min": 0.1
                    }
                }, 
                "max_iter": -1, 
                "enabled": false, 
                "custom_gamma": {
                    "gridMode": "EXPLICIT", 
                    "randomMode": "RANGE", 
                    "limit": {
                        "max": null, 
                        "min": 1e-23
                    }, 
                    "values": [
                        0.001
                    ], 
                    "range": {
                        "scaling": "LOGARITHMIC", 
                        "max": 1.0, 
                        "nbValues": 3, 
                        "min": 0.0001
                    }
                }, 
                "tol": 0.001, 
                "coef0": 0.0, 
                "gamma": {
                    "values": {
                        "auto": {
                            "enabled": true
                        }, 
                        "scale": {
                            "enabled": false
                        }, 
                        "custom": {
                            "enabled": false
                        }
                    }
                }
            }, 
            "deep_learning_h2o": {
                "rate_annealing": 0.0, 
                "epsilon": 1e-06, 
                "enabled": false, 
                "epochs": 10.0, 
                "rate": 1e-05, 
                "input_dropout_ratio": 0.0, 
                "l2": 0.0, 
                "rho": 0.95, 
                "l1": 0.0, 
                "hidden": "100,100", 
                "adaptative_rate": true
            }, 
            "xgboost": {
                "seed": 1337, 
                "early_stopping_rounds": 4, 
                "colsample_bylevel": {
                    "gridMode": "EXPLICIT", 
                    "randomMode": "RANGE", 
                    "limit": {
                        "max": 1.0, 
                        "min": 1e-23
                    }, 
                    "values": [
                        1.0
                    ], 
                    "range": {
                        "scaling": "LINEAR", 
                        "max": 1.0, 
                        "nbValues": 3, 
                        "min": 0.5
                    }
                }, 
                "nthread": -1, 
                "min_child_weight": {
                    "gridMode": "EXPLICIT", 
                    "randomMode": "RANGE", 
                    "limit": {
                        "max": null, 
                        "min": 0.0
                    }, 
                    "values": [
                        0.0
                    ], 
                    "range": {
                        "scaling": "LINEAR", 
                        "max": 1.0, 
                        "nbValues": 3, 
                        "min": 0.0
                    }
                }, 
                "objective": {
                    "values": {
                        "reg_logistic": {
                            "enabled": false
                        }, 
                        "reg_linear": {
                            "enabled": true
                        }, 
                        "reg_gamma": {
                            "enabled": false
                        }, 
                        "binary_logistic": {
                            "enabled": false
                        }, 
                        "multi_softprob": {
                            "enabled": false
                        }
                    }
                }, 
                "impute_missing": false, 
                "missing": 0.0, 
                "scale_pos_weight": 1.0, 
                "learning_rate": {
                    "gridMode": "EXPLICIT", 
                    "randomMode": "RANGE", 
                    "limit": {
                        "max": 1.0, 
                        "min": 1e-23
                    }, 
                    "values": [
                        0.2
                    ], 
                    "range": {
                        "scaling": "LINEAR", 
                        "max": 0.5, 
                        "nbValues": 3, 
                        "min": 0.1
                    }
                }, 
                "max_delta_step": {
                    "gridMode": "EXPLICIT", 
                    "randomMode": "RANGE", 
                    "limit": {
                        "max": null, 
                        "min": 0.0
                    }, 
                    "values": [
                        0.0
                    ], 
                    "range": {
                        "scaling": "LINEAR", 
                        "max": 1.0, 
                        "nbValues": 3, 
                        "min": 0.0
                    }
                }, 
                "base_score": 0.5, 
                "n_estimators": 300, 
                "alpha": {
                    "gridMode": "EXPLICIT", 
                    "randomMode": "RANGE", 
                    "limit": {
                        "max": 1.0, 
                        "min": 0.0
                    }, 
                    "values": [
                        0.0
                    ], 
                    "range": {
                        "scaling": "LINEAR", 
                        "max": 0.1, 
                        "nbValues": 3, 
                        "min": 0.0
                    }
                }, 
                "booster": {
                    "values": {
                        "gbtree": {
                            "enabled": true
                        }, 
                        "dart": {
                            "enabled": false
                        }
                    }
                }, 
                "colsample_bytree": {
                    "gridMode": "EXPLICIT", 
                    "randomMode": "RANGE", 
                    "limit": {
                        "max": 1.0, 
                        "min": 1e-23
                    }, 
                    "values": [
                        1.0
                    ], 
                    "range": {
                        "scaling": "LINEAR", 
                        "max": 1.0, 
                        "nbValues": 3, 
                        "min": 0.5
                    }
                }, 
                "enabled": false, 
                "max_depth": {
                    "gridMode": "EXPLICIT", 
                    "randomMode": "RANGE", 
                    "limit": {
                        "max": null, 
                        "min": 1
                    }, 
                    "values": [
                        3
                    ], 
                    "range": {
                        "scaling": "LINEAR", 
                        "max": 5, 
                        "nbValues": 3, 
                        "min": 2
                    }
                }, 
                "subsample": {
                    "gridMode": "EXPLICIT", 
                    "randomMode": "RANGE", 
                    "limit": {
                        "max": 1.0, 
                        "min": 1e-23
                    }, 
                    "values": [
                        1.0
                    ], 
                    "range": {
                        "scaling": "LINEAR", 
                        "max": 1.0, 
                        "nbValues": 3, 
                        "min": 0.5
                    }
                }, 
                "lambda": {
                    "gridMode": "EXPLICIT", 
                    "randomMode": "RANGE", 
                    "limit": {
                        "max": 1.0, 
                        "min": 1e-23
                    }, 
                    "values": [
                        1.0
                    ], 
                    "range": {
                        "scaling": "LINEAR", 
                        "max": 1.0, 
                        "nbValues": 3, 
                        "min": 0.5
                    }
                }, 
                "gamma": {
                    "gridMode": "EXPLICIT", 
                    "randomMode": "RANGE", 
                    "limit": {
                        "max": null, 
                        "min": 0.0
                    }, 
                    "values": [
                        0.0
                    ], 
                    "range": {
                        "scaling": "LINEAR", 
                        "max": 1.0, 
                        "nbValues": 3, 
                        "min": 0.0
                    }
                }, 
                "enable_early_stopping": true
            }, 
            "distributed_rf_h2o": {
                "nbins": 20, 
                "build_tree_one_node": false, 
                "ntrees": 50, 
                "enabled": false, 
                "min_rows": 1, 
                "sample_rate": 0.6666, 
                "max_depth": 5
            }, 
            "custom_mllib": [], 
            "vertica_logistic_regression": {
                "epsilon": 1e-06, 
                "maxIterations": 200, 
                "enabled": false, 
                "optimizer": "BFGS"
            }, 
            "decision_tree_regression": {
                "splitter": {
                    "values": {
                        "random": {
                            "enabled": false
                        }, 
                        "best": {
                            "enabled": true
                        }
                    }
                }, 
                "criterion": {
                    "values": {
                        "gini": {
                            "enabled": true
                        }, 
                        "entropy": {
                            "enabled": false
                        }
                    }
                }, 
                "max_depth": {
                    "gridMode": "EXPLICIT", 
                    "randomMode": "RANGE", 
                    "limit": {
                        "max": null, 
                        "min": 1
                    }, 
                    "values": [
                        5
                    ], 
                    "range": {
                        "scaling": "LINEAR", 
                        "max": 8, 
                        "nbValues": 3, 
                        "min": 3
                    }
                }, 
                "enabled": false, 
                "min_samples_leaf": {
                    "gridMode": "EXPLICIT", 
                    "randomMode": "RANGE", 
                    "limit": {
                        "max": null, 
                        "min": 1
                    }, 
                    "values": [
                        1
                    ], 
                    "range": {
                        "scaling": "LINEAR", 
                        "max": 20, 
                        "nbValues": 3, 
                        "min": 1
                    }
                }
            }, 
            "sgd_classifier": {
                "n_iter": 50, 
                "n_jobs": 2, 
                "loss": {
                    "values": {
                        "modified_huber": {
                            "enabled": false
                        }, 
                        "log": {
                            "enabled": true
                        }
                    }
                }, 
                "l1_ratio": 0.15, 
                "enabled": false, 
                "penalty": {
                    "values": {
                        "elasticnet": {
                            "enabled": false
                        }, 
                        "l2": {
                            "enabled": false
                        }, 
                        "l1": {
                            "enabled": true
                        }
                    }
                }, 
                "alpha": {
                    "gridMode": "EXPLICIT", 
                    "randomMode": "RANGE", 
                    "limit": {
                        "max": null, 
                        "min": 1e-23
                    }, 
                    "values": [
                        0.1, 
                        0.01, 
                        0.001
                    ], 
                    "range": {
                        "scaling": "LOGARITHMIC", 
                        "max": 0.001, 
                        "nbValues": 3, 
                        "min": 1e-05
                    }
                }
            }, 
            "mllib_rf": {
                "cache_node_ids": false, 
                "subset_strategy": "auto", 
                "subsampling_rate": 1.0, 
                "max_memory_mb": 256, 
                "impurity": "gini", 
                "max_bins": 32, 
                "enabled": false, 
                "max_depth": {
                    "gridMode": "EXPLICIT", 
                    "randomMode": "RANGE", 
                    "limit": {
                        "max": null, 
                        "min": 1
                    }, 
                    "values": [
                        5
                    ], 
                    "range": {
                        "scaling": "LINEAR", 
                        "max": 8, 
                        "nbValues": 3, 
                        "min": 3
                    }
                }, 
                "min_instance_per_node": 1, 
                "min_info_gain": 0.0, 
                "step_size": {
                    "gridMode": "EXPLICIT", 
                    "randomMode": "RANGE", 
                    "limit": {
                        "max": 1, 
                        "min": 1e-23
                    }, 
                    "values": [
                        0.1
                    ], 
                    "range": {
                        "scaling": "LINEAR", 
                        "max": 0.5, 
                        "nbValues": 3, 
                        "min": 0.05
                    }
                }, 
                "num_trees": {
                    "gridMode": "EXPLICIT", 
                    "randomMode": "RANGE", 
                    "limit": {
                        "max": null, 
                        "min": 1
                    }, 
                    "values": [
                        20
                    ], 
                    "range": {
                        "scaling": "LINEAR", 
                        "max": 50, 
                        "nbValues": 3, 
                        "min": 10
                    }
                }, 
                "seed": 1337, 
                "checkpoint_interval": 10
            }, 
            "random_forest_classification": {
                "max_feature_prop": {
                    "gridMode": "EXPLICIT", 
                    "randomMode": "RANGE", 
                    "limit": {
                        "max": 1, 
                        "min": 1e-23
                    }, 
                    "values": [
                        0.3
                    ], 
                    "range": {
                        "scaling": "LINEAR", 
                        "max": 0.7, 
                        "nbValues": 3, 
                        "min": 0.1
                    }
                }, 
                "max_tree_depth": {
                    "gridMode": "EXPLICIT", 
                    "randomMode": "RANGE", 
                    "limit": {
                        "max": null, 
                        "min": 1
                    }, 
                    "values": [
                        8
                    ], 
                    "range": {
                        "scaling": "LINEAR", 
                        "max": 10, 
                        "nbValues": 3, 
                        "min": 5
                    }
                }, 
                "selection_mode": "AUTO", 
                "enabled": false, 
                "min_samples_leaf": {
                    "gridMode": "EXPLICIT", 
                    "randomMode": "RANGE", 
                    "limit": {
                        "max": null, 
                        "min": 1
                    }, 
                    "values": [
                        3
                    ], 
                    "range": {
                        "scaling": "LINEAR", 
                        "max": 20, 
                        "nbValues": 3, 
                        "min": 3
                    }
                }, 
                "n_estimators": {
                    "gridMode": "EXPLICIT", 
                    "randomMode": "RANGE", 
                    "limit": {
                        "max": null, 
                        "min": 1
                    }, 
                    "values": [
                        100
                    ], 
                    "range": {
                        "scaling": "LINEAR", 
                        "max": 200, 
                        "nbValues": 3, 
                        "min": 80
                    }
                }, 
                "n_jobs": 4, 
                "max_features": {
                    "gridMode": "EXPLICIT", 
                    "randomMode": "RANGE", 
                    "limit": {
                        "max": null, 
                        "min": 1
                    }, 
                    "values": [
                        0
                    ], 
                    "range": {
                        "scaling": "LINEAR", 
                        "max": 20, 
                        "nbValues": 3, 
                        "min": 1
                    }
                }
            }
        }, 
        "guessPolicy": "DEFAULT"
    }, 
    "metrics": {
        "engineConfig": {
            "python": {}, 
            "sql": {
                "active": true
            }, 
            "dss": {
                "active": true, 
                "selection": {
                    "targetRatio": 0.02, 
                    "maxReadUncompressedBytes": -1, 
                    "latestPartitionsN": 1, 
                    "filter": {
                        "distinct": false, 
                        "enabled": false
                    }, 
                    "withinFirstN": -1, 
                    "maxRecords": 10000, 
                    "partitionSelectionMethod": "ALL", 
                    "useMemTable": false, 
                    "samplingMethod": "FULL"
                }
            }, 
            "hive": {
                "active": true, 
                "extraConf": []
            }, 
            "basic": {}, 
            "impala": {
                "active": true
            }, 
            "padRunsWithMetrics": false
        }, 
        "displayedState": {
            "metrics": [], 
            "columns": []
        }, 
        "probes": []
    }, 
    "metricsChecks": {
        "runOnBuild": false, 
        "checks": [], 
        "displayedState": {
            "checks": []
        }
    }, 
    "lastExportedFrom": "A-DKU_TSHIRTS-gPd2KlKo-60zKZeke-s7-pp1-m1", 
    "conditionalOutputs": [], 
    "activeVersion": "1486653810526"
}