{
  "dashboardAuthorizations": {
    "allAuthorized": false,
    "authorizations": [
      {
        "objectRef": {
          "objectId": "crm_and_web_history_enriched",
          "objectType": "DATASET"
        },
        "modes": [
          "READ"
        ]
      },
      {
        "objectRef": {
          "objectId": "revenue_prediction",
          "objectType": "DATASET"
        },
        "modes": [
          "READ"
        ]
      },
      {
        "objectRef": {
          "objectId": "",
          "objectType": "DATASET"
        },
        "modes": [
          "READ"
        ]
      },
      {
        "objectRef": {
          "objectId": "Custom report on predicted revenue",
          "objectType": "JUPYTER_NOTEBOOK"
        },
        "modes": [
          "READ"
        ]
      },
      {
        "objectRef": {
          "objectId": "web_last_month_enriched",
          "objectType": "DATASET"
        },
        "modes": [
          "READ"
        ]
      },
      {
        "objectRef": {
          "objectId": "Vs6j4B8H",
          "objectType": "SAVED_MODEL"
        },
        "modes": [
          "READ"
        ]
      }
    ]
  },
  "exposedObjects": {
    "objects": []
  },
  "projectType": "REGULAR",
  "projectAppType": "REGULAR",
  "owner": "admin",
  "permissions": [
    {
      "group": "data_scientists",
      "admin": true,
      "readProjectContent": true,
      "writeProjectContent": false,
      "exportDatasetsData": false,
      "readDashboards": false,
      "writeDashboards": false,
      "moderateDashboards": false,
      "runScenarios": false,
      "manageDashboardAuthorizations": false,
      "manageExposedElements": false,
      "manageAdditionalDashboardUsers": false,
      "executeApp": false
    },
    {
      "group": "administrators",
      "admin": true,
      "readProjectContent": false,
      "writeProjectContent": true,
      "exportDatasetsData": true,
      "readDashboards": false,
      "writeDashboards": false,
      "moderateDashboards": false,
      "runScenarios": false,
      "manageDashboardAuthorizations": false,
      "manageExposedElements": false,
      "manageAdditionalDashboardUsers": false,
      "executeApp": false
    },
    {
      "group": "readers",
      "admin": false,
      "readProjectContent": true,
      "writeProjectContent": false,
      "exportDatasetsData": false,
      "readDashboards": false,
      "writeDashboards": false,
      "moderateDashboards": false,
      "runScenarios": false,
      "manageDashboardAuthorizations": false,
      "manageExposedElements": false,
      "manageAdditionalDashboardUsers": false,
      "executeApp": false
    }
  ],
  "additionalDashboardUsers": {
    "users": []
  },
  "tutorialProject": true,
  "tutorialId": "SAMPLE_TSHIRTS",
  "settings": {
    "flowAnchorSourcesAndSinks": true,
    "gitCommitMode": "AUTO",
    "disableAutomaticTriggers": false,
    "integrations": {
      "integrations": []
    },
    "flowBuildSettings": {
      "mergeSparkPipelines": false,
      "pruneBeforeSparkPipelines": false,
      "mergeSqlPipelines": false,
      "pruneBeforeSqlPipelines": true
    },
    "limitsSettings": {
      "memSampleBytes": {
        "soft": -1,
        "hard": -1
      },
      "shakerMemTableBytes": {
        "soft": -1,
        "hard": -1
      },
      "attachmentBytes": {
        "soft": -1,
        "hard": -1
      }
    },
    "relocationSettings": {
      "sqlLikeRecipesInitializationMode": "RESOLVED_TABLE_REFERENCES"
    },
    "recipeEnginesPreferences": {
      "forbiddenEngines": [],
      "enginesPreferenceOrder": [],
      "forbiddenByRecipeType": {},
      "preferenceByRecipeType": {}
    },
    "codeEnvs": {
      "python": {
        "mode": "INHERIT",
        "preventOverride": false
      },
      "r": {
        "mode": "INHERIT",
        "preventOverride": false
      },
      "julia": {
        "mode": "INHERIT",
        "preventOverride": false
      }
    },
    "container": {
      "containerMode": "NONE"
    },
    "datasetsCreationSettings": {
      "useGlobal": true,
      "preferedStorageFormats": "CSV_ESCAPING_NOGZIP_FORHIVE,CSV_EXCEL_GZIP,PARQUET_HIVE",
      "virtualizable": false,
      "allowUploadsWithoutConnection": true
    },
    "hiveEngineCreationSettings": {
      "useGlobal": true,
      "executionEngine": "HIVECLI_LOCAL"
    },
    "sparkEngineCreationSettings": {
      "useGlobal": true,
      "executionEngine": "SPARK_SUBMIT",
      "useGlobalMetastore": false
    },
    "impalaEngineCreationSettings": {
      "useGlobal": true,
      "streamMode": true
    },
    "wikiSettings": {
      "promoted": true
    },
    "cluster": {
      "clusterMode": "INHERIT"
    },
    "k8sCluster": {
      "clusterMode": "INHERIT"
    },
    "virtualWebAppBackendSettings": {
      "mode": "INHERIT",
      "preventOverride": false,
      "infra": {
        "containerSelection": {
          "containerMode": "INHERIT"
        },
        "overrideGlobalK8sExposition": false,
        "exposition": {
          "type": "local_process",
          "params": {}
        },
        "scaling": {
          "initialReplicas": 1,
          "hpa": false,
          "hpaTargetCPUPercent": 0,
          "hpaMetrics": [],
          "hpaMinPods": 0,
          "hpaMaxPods": 0,
          "hpaAnnotations": []
        },
        "deploymentModifier": {}
      }
    }
  },
  "name": "Predicting Revenue with a TShirt Business",
  "imgPattern": 1,
  "metrics": {
    "probes": [],
    "engineConfig": {
      "padRunsWithMetrics": false,
      "hive": {
        "active": true,
        "extraConf": []
      },
      "basic": {},
      "dss": {
        "active": true,
        "selection": {
          "useMemTable": false,
          "filter": {
            "distinct": false,
            "enabled": false
          },
          "partitionSelectionMethod": "ALL",
          "latestPartitionsN": 1,
          "ordering": {
            "enabled": false,
            "rules": []
          },
          "samplingMethod": "FULL",
          "maxRecords": -1,
          "targetRatio": 0.02,
          "withinFirstN": -1,
          "maxReadUncompressedBytes": -1
        }
      },
      "sql": {
        "active": true
      },
      "impala": {
        "active": true
      },
      "spark": {
        "active": true,
        "extraConf": []
      },
      "python": {}
    },
    "displayedState": {
      "columns": [],
      "metrics": []
    }
  },
  "metricsChecks": {
    "runOnBuild": false,
    "checks": [],
    "displayedState": {
      "checks": []
    }
  },
  "versionTag": {
    "versionNumber": 15,
    "lastModifiedBy": {
      "login": "admin"
    },
    "lastModifiedOn": 1581569356564
  },
  "description": "_This project offers a slightly different look at the Haiku T-Shirt company from the [Tutorials](https://academy.dataiku.com/latest/tutorial/index.html)_\n\n\u003cbr/\u003e\n# Revenue prediction\n\nIn this project you\u0027ll learn how to predict the monthly revenue of new customers once they completed their first purchase.\nThis is done by :\n\n1. Using historical CRM data mixed with users interactions on the web site to build a predictive model,\n2. Updating this model with the most recent data to get the best possible predictions,\n3. Use this up-to-date model to predict how much revenue new customers will generate this month.\n\n\u003cbr/\u003e\n# Visit the sample project\n\n\n1. The Graphical Flow of the data and model processing.\u003cbr/\u003e\n\u003cp class\u003d\"text-center\"\u003e\n\u003ca href\u003d\"/projects/DKU_TSHIRTS/flow/\"  class\u003d\"btn btn-datasets-color btn-cta-big-mod\"\u003e\u003ci class\u003d\"icon-dku-sample_project\" class\u003d\"btn-cta-big-mod-icon\" /\u003e\u0026nbsp;Flow\u003c/a\u003e\u003cbr/\u003e\u003cbr/\u003e\n\u003c/p\u003e\n\n2. Insights related to customers and revenue prediction.\nNote that some charts requires the installation of the [Reverse Geocoding](https://www.dataiku.com/product/plugins/geoadmin/) plugin.\n\u003cp class\u003d\"text-center\"\u003e\n\u003ca href\u003d\"/projects/DKU_TSHIRTS/dashboards/\"  class\u003d\"btn btn-datasets-color btn-cta-big-mod\"\u003e\u003ci class\u003d\"icon-dku-sample_project\" class\u003d\"btn-cta-big-mod-icon\" /\u003e\u0026nbsp;Dashboards\u003c/a\u003e\u003cbr/\u003e\u003cbr/\u003e\n\u003c/p\u003e\n\n\n3. Train a predictive model to learn about the key factors impacting revenue.\n\u003cp class\u003d\"text-center\"\u003e\n\u003ca href\u003d\"/projects/DKU_TSHIRTS/analysis/xXTYPWEJ/\"  class\u003d\"btn btn-datasets-color btn-cta-big-mod\"\u003e\u003ci class\u003d\"icon-dku-sample_project\" class\u003d\"btn-cta-big-mod-icon\" /\u003e\u0026nbsp;Machine learning analysis\u003c/a\u003e\u003cbr/\u003e\u003cbr/\u003e\n\u003c/p\u003e\n\n\n4. Deploy that Machine Learning Model to update it regularly and forecast new customers\u0027 revenue accurately.\n\u003cp class\u003d\"text-center\"\u003e\n\u003ca href\u003d\"/projects/DKU_TSHIRTS/analysis/gPd2KlKo/\"  class\u003d\"btn btn-datasets-color btn-cta-big-mod\"\u003e\u003ci class\u003d\"icon-dku-sample_project\" class\u003d\"btn-cta-big-mod-icon\" /\u003e\u0026nbsp;Machine learning models\u003c/a\u003e\u003cbr/\u003e\u003cbr/\u003e\n\u003c/p\u003e\n\n\n\u003cbr/\u003e\n#More on this topic\n\n\n1.  REFERENCE : Understanding DSS visual grammar [http://doc.dataiku.com/dss/latest/flow/index.html?highlight\u003dvisual%20grammar](http://doc.dataiku.com/dss/latest/flow/index.html?highlight\u003dvisual%20grammar)\n2.  VIDEO : 15 minutes to Deploy your Predictive Application : [https://www.dataiku.com/learn/guide/free-training/deploy-predictive-application.html](https://www.dataiku.com/learn/guide/free-training/deploy-predictive-application.html)",
  "shortDesc": "This project offers a slightly different look at the Haiku T-Shirt company from the [Tutorials](https://academy.dataiku.com/latest/tutorial/index.html)",
  "tags": [
    "sample_project"
  ],
  "customFields": {},
  "checklists": {
    "checklists": []
  }
}