{
    "modelInputNRows": 23843, 
    "modelInputIsSparse": false, 
    "modelInputMemory": 20409608, 
    "modelInputNCols": 107, 
    "lmCoefficients": {
        "variables": [
            "pages_visited", 
            "dummy:campain:False", 
            "dummy:campain:True", 
            "dummy:ip_country:United States", 
            "dummy:ip_country:China", 
            "dummy:ip_country:Japan", 
            "dummy:ip_country:Germany", 
            "dummy:ip_country:United Kingdom", 
            "dummy:ip_country:Republic of Korea", 
            "dummy:ip_country:France", 
            "dummy:ip_country:Brazil", 
            "dummy:ip_country:Canada", 
            "dummy:ip_country:Netherlands", 
            "dummy:ip_country:Italy", 
            "dummy:ip_country:Australia", 
            "dummy:ip_country:Russia", 
            "dummy:ip_country:India", 
            "dummy:ip_country:Sweden", 
            "dummy:ip_country:South Africa", 
            "dummy:ip_country:Spain", 
            "dummy:ip_country:Mexico", 
            "dummy:ip_country:Taiwan", 
            "dummy:ip_country:Switzerland", 
            "dummy:ip_country:Poland", 
            "dummy:ip_country:Argentina", 
            "dummy:ip_country:Norway", 
            "dummy:ip_country:Turkey", 
            "dummy:ip_country:Finland", 
            "dummy:ip_country:Denmark", 
            "dummy:ip_country:Colombia", 
            "dummy:ip_country:Belgium", 
            "dummy:ip_country:Egypt", 
            "dummy:ip_country:Ukraine", 
            "dummy:ip_country:Vietnam", 
            "dummy:ip_country:Austria", 
            "dummy:ip_country:Chile", 
            "dummy:ip_country:Ireland", 
            "dummy:ip_country:Thailand", 
            "dummy:ip_country:Indonesia", 
            "dummy:ip_country:Iran", 
            "dummy:ip_country:Romania", 
            "dummy:ip_country:Venezuela", 
            "dummy:ip_country:Saudi Arabia", 
            "dummy:ip_country:Malaysia", 
            "dummy:ip_country:New Zealand", 
            "dummy:ip_country:Israel", 
            "dummy:ip_country:Portugal", 
            "dummy:ip_country:Greece", 
            "dummy:ip_country:Philippines", 
            "dummy:ip_country:Hungary", 
            "dummy:ip_country:Singapore", 
            "dummy:ip_country:Morocco", 
            "dummy:ip_country:Bulgaria", 
            "dummy:ip_country:United Arab Emirates", 
            "dummy:ip_country:Kenya", 
            "dummy:ip_country:Pakistan", 
            "dummy:ip_country:Tunisia", 
            "dummy:ip_country:Slovenia", 
            "dummy:ip_country:Republic of Lithuania", 
            "dummy:ip_country:Algeria", 
            "dummy:ip_country:Slovak Republic", 
            "dummy:ip_country:Panama", 
            "dummy:ip_country:Croatia", 
            "dummy:ip_country:Peru", 
            "dummy:ip_country:Kazakhstan", 
            "dummy:ip_country:Uruguay", 
            "dummy:ip_country:Kuwait", 
            "dummy:ip_country:Ecuador", 
            "dummy:ip_country:Serbia", 
            "dummy:ip_country:Belarus", 
            "dummy:ip_country:Latvia", 
            "dummy:ip_country:Namibia", 
            "dummy:ip_country:Republic of Moldova", 
            "dummy:ip_country:Hong Kong", 
            "dummy:ip_country:Paraguay", 
            "dummy:ip_country:Bosnia and Herzegovina", 
            "dummy:ip_country:Sudan", 
            "dummy:ip_country:Qatar", 
            "dummy:ip_country:Trinidad and Tobago", 
            "dummy:ip_country:Angola", 
            "dummy:ip_country:Luxembourg", 
            "dummy:ip_country:Nigeria", 
            "dummy:ip_country:Costa Rica", 
            "dummy:ip_country:Czechia", 
            "dummy:ip_country:Iceland", 
            "dummy:ip_country:Georgia", 
            "dummy:ip_country:Estonia", 
            "dummy:ip_country:Bolivia", 
            "dummy:ip_country:Armenia", 
            "dummy:ip_country:Tanzania", 
            "dummy:ip_country:Mauritius", 
            "dummy:ip_country:Ghana", 
            "dummy:ip_country:El Salvador", 
            "dummy:ip_country:Honduras", 
            "dummy:ip_country:Seychelles", 
            "dummy:ip_country:Guatemala", 
            "dummy:ip_country:Bahrain", 
            "dummy:ip_country:Bangladesh", 
            "dummy:ip_country:Mozambique", 
            "dummy:ip_country:Gabon", 
            "dummy:ip_country:Dominican Republic", 
            "dummy:ip_country:Cyprus", 
            "dummy:ip_country:Nepal", 
            "dummy:ip_country:__Others__"
        ], 
        "coefs": [
            2.646558885567161, 
            15.054648338589896, 
            -15.054648338589896, 
            39.530898198186726, 
            -60.777298999225394, 
            10.677678194707791, 
            15.148452162832314, 
            9.170105825293549, 
            0.7284715360732564, 
            5.633783573662369, 
            -54.37381836252066, 
            21.39637119726114, 
            22.656160252102314, 
            -1.934141991424698, 
            21.268834941771424, 
            -30.085379649588415, 
            -76.00137872443288, 
            16.58909551697606, 
            -51.80601157495813, 
            -3.772740306137471, 
            -37.63627207153871, 
            9.608260858933024, 
            26.748140673822046, 
            -25.385246236716558, 
            -30.98080203635812, 
            39.94243985784777, 
            -36.73152676428484, 
            9.439500260272327, 
            16.511703185704956, 
            -59.39278368634471, 
            10.656153145844975, 
            -74.46268136555304, 
            -67.35286068990361, 
            -91.93147474316902, 
            22.465088192668414, 
            -28.01674772984005, 
            23.506423882911577, 
            -55.40227816992695, 
            -78.7210309266674, 
            -41.82630279954004, 
            -39.27509747135727, 
            -38.5247545409639, 
            -4.140579570808595, 
            -31.32377400414863, 
            0.09193574000612126, 
            9.282823799157276, 
            -17.644033391821804, 
            -19.214607159691727, 
            -72.02374538713167, 
            -18.861802115889915, 
            46.71859207216374, 
            -83.23496666001711, 
            -50.84381982443195, 
            -8.991151581958524, 
            -69.66736133554949, 
            -92.79065735476922, 
            -52.49225906383667, 
            -8.765057410813943, 
            -25.216376232125125, 
            -67.86233723227973, 
            -20.064798988118298, 
            -50.46617083985234, 
            -41.13366449973916, 
            -37.8997492833532, 
            -47.345922230975695, 
            -41.90019328132902, 
            24.19856541009563, 
            -54.6254221704753, 
            -62.08870916525038, 
            -47.05499380711373, 
            -30.632866213085936, 
            -54.595938139813505, 
            -79.78607054658447, 
            -17.320188629522487, 
            -84.63854478318818, 
            -73.1848792578785, 
            -60.176932556529444, 
            107.0474230889023, 
            -7.69030470788662, 
            -76.82976388622009, 
            65.52645852401818, 
            -96.09771673699495, 
            -53.321912208302535, 
            -0.9504724793766749, 
            7.749060659505027, 
            -72.87145935559849, 
            0.2743628787962968, 
            -79.14117679941187, 
            -82.96921474316633, 
            -67.01844822900733, 
            -49.26721717789489, 
            -67.61589485631873, 
            -65.64848358751627, 
            -106.3767532581935, 
            -47.65951687664321, 
            -81.13020648422444, 
            -26.23364555127688, 
            -97.49065600306041, 
            19.138178916117205, 
            -48.63360035107986, 
            -59.343918096725695, 
            -1.1835997710111807, 
            -30.90605725601716, 
            -12.460548742901306
        ], 
        "interceptCoef": 163.61663603058852, 
        "pvalue": [
            0.004059793419777691, 
            0.0, 
            0.0, 
            0.0, 
            0.0, 
            0.0, 
            0.0, 
            0.0, 
            0.0, 
            0.0, 
            0.0, 
            0.0, 
            0.0, 
            0.0, 
            0.0, 
            0.0, 
            0.0, 
            0.0, 
            0.0, 
            0.0, 
            0.0, 
            0.0, 
            0.0, 
            0.0, 
            0.0, 
            0.0, 
            0.0, 
            0.0, 
            0.0, 
            0.0, 
            0.0, 
            0.0, 
            0.0, 
            0.0, 
            0.0, 
            0.0, 
            0.0, 
            0.0, 
            0.0, 
            0.0, 
            0.0, 
            0.0, 
            0.0, 
            0.0, 
            0.0, 
            0.0, 
            0.0, 
            0.0, 
            0.0, 
            0.0, 
            0.0, 
            0.0, 
            0.0, 
            0.0, 
            0.0, 
            0.0, 
            0.0, 
            0.0, 
            0.0, 
            0.0, 
            0.0, 
            0.0, 
            0.0, 
            0.0, 
            0.0, 
            0.0, 
            0.0, 
            0.0, 
            0.0, 
            0.0, 
            0.0, 
            0.0, 
            0.0, 
            0.0, 
            0.0, 
            0.0, 
            0.0, 
            0.0, 
            0.0, 
            0.0, 
            0.0, 
            0.0, 
            0.0, 
            0.0, 
            0.0, 
            0.0, 
            0.0, 
            0.0, 
            0.0, 
            0.0, 
            0.0, 
            0.0, 
            0.0, 
            0.0, 
            0.0, 
            0.0, 
            0.0, 
            0.0, 
            0.0, 
            0.0, 
            0.0, 
            0.0, 
            0.0, 
            0.0
        ], 
        "tstat": [
            2.6472794171127076, 
            77.62726042698743, 
            -77.62726042698743, 
            165.9574543816659, 
            -674.495776931405, 
            190.79538402801023, 
            383.6475798262649, 
            266.45946049533757, 
            25.815355837709273, 
            206.89548872392675, 
            -2310.457217868903, 
            984.4501476029193, 
            1242.4413271942963, 
            -115.26824073841266, 
            1474.48432461794, 
            -2230.615664687818, 
            -5774.702851599943, 
            1573.6381525752345, 
            -4952.872230720855, 
            -370.88035969129, 
            -3760.5864580202483, 
            1132.30342809738, 
            3296.329337410036, 
            -3405.51945278872, 
            -4274.631366440089, 
            6302.3324993185915, 
            -6288.878751947618, 
            1713.4412454498652, 
            3560.4684201315827, 
            -13407.672457721275, 
            2549.1069697507032, 
            -17812.557445204206, 
            -16779.480027983584, 
            -24421.429693557166, 
            6172.545581407455, 
            -7786.992544888151, 
            6850.492994714686, 
            -16969.84507843227, 
            -24424.08689259551, 
            -15846.294422779181, 
            -15620.340944033303, 
            -15580.45120985271, 
            -1763.8647709595875, 
            -13343.760339480164, 
            40.608164057278536, 
            4177.258261030873, 
            -8091.802971334455, 
            -9956.119331365544, 
            -37319.36842666506, 
            -9989.524038234225, 
            27821.10922382847, 
            -60026.792436380005, 
            -37807.341852553516, 
            -6900.383541200684, 
            -53467.17927471419, 
            -73575.11028094252, 
            -46221.14372101705, 
            -8013.1193533127935, 
            -23970.01028672908, 
            -64508.1159388367, 
            -20721.603936172687, 
            -57049.97861148195, 
            -48809.62639536192, 
            -47322.978223899925, 
            -62378.68397083249, 
            -58426.926382000776, 
            33743.228587819096, 
            -80894.75957455489, 
            -91947.13744349116, 
            -69683.71610802859, 
            -55734.14512639245, 
            -117197.18676938162, 
            -188195.737559267, 
            -40854.069532042704, 
            -221535.07162069264, 
            -191555.95727073448, 
            -157508.6279894566, 
            280188.63747667894, 
            -20128.798393340992, 
            -201096.17064818947, 
            192637.8749930437, 
            -282512.74921431096, 
            -156758.35517049668, 
            -3186.844642717303, 
            25981.870053754647, 
            -244331.13519149763, 
            919.912874306341, 
            -265352.90686895547, 
            -278187.9573074198, 
            -261443.119254531, 
            -192194.46699162008, 
            -263773.7955676927, 
            -256098.80229995845, 
            -414982.30596086883, 
            -185922.72849731712, 
            -316493.9626253301, 
            -122342.0854242774, 
            -454653.17206796363, 
            89251.97663603474, 
            -281912.20562696643, 
            -343996.22319597856, 
            -6860.919603249678, 
            -179151.75321959544, 
            -4507.157645415523
        ]
    }
}