{
    "metrics": {
        "pearson": 0.63011976143203985, 
        "r2": 0.39471776582108997, 
        "rmse": 53.31506129565608, 
        "mape": 0.24339756519200018, 
        "mae": 39.145182173275103, 
        "mse": 2842.4957609595649, 
        "evs": 0.39474525334560107, 
        "rmsle": 0.2934602139890882
    }, 
    "scatterPlotData": {
        "y": [
            216.0544, 
            217.0959, 
            189.0697, 
            121.9955, 
            213.9712, 
            186.9866, 
            194.7966, 
            115.7462, 
            218.1375, 
            145.5216, 
            187.1733, 
            217.0959, 
            95.6497, 
            219.179, 
            193.755, 
            180.3766, 
            192.7135, 
            186.1596, 
            173.2366, 
            123.0371, 
            191.1529, 
            216.0544, 
            90.8447, 
            197.7923, 
            220.2206, 
            194.7966, 
            221.2622, 
            146.2413, 
            190.3258, 
            116.7877, 
            172.0037, 
            217.0959, 
            123.1912, 
            124.2328, 
            193.236, 
            124.2328, 
            200.917, 
            217.0959, 
            220.2206, 
            186.9866, 
            123.1912, 
            183.862, 
            217.0959, 
            198.9614, 
            186.9866, 
            164.5583, 
            186.3235, 
            219.179, 
            188.0282, 
            185.9451, 
            191.6719, 
            118.8708, 
            191.3459, 
            178.7556, 
            144.095, 
            162.4636, 
            165.1045, 
            194.0261, 
            219.179, 
            189.0697, 
            188.0282, 
            189.2843, 
            194.2775, 
            124.2328, 
            118.8708, 
            219.179, 
            217.0959, 
            219.179, 
            202.0861, 
            195.1957, 
            160.7863, 
            186.1596, 
            185.2819, 
            192.7135, 
            140.8335, 
            218.1375, 
            185.9451, 
            215.0128, 
            160.2165, 
            216.0544, 
            219.179, 
            216.0544, 
            215.0128, 
            167.683, 
            189.5888, 
            190.3258, 
            221.2622, 
            155.1726, 
            115.7462, 
            118.8708, 
            118.8708, 
            218.1375, 
            140.9703, 
            191.3674, 
            218.1375, 
            194.7966, 
            200.0301, 
            192.7135, 
            193.1126, 
            218.1375, 
            219.179, 
            100.5221, 
            183.5013, 
            219.179, 
            174.8338, 
            148.5212, 
            116.3288, 
            220.2206, 
            189.0697, 
            181.4182, 
            163.6457, 
            85.6369, 
            154.9809, 
            152.3504, 
            191.3674, 
            144.7246, 
            178.2935, 
            203.3459, 
            145.9146, 
            187.2011, 
            170.8831, 
            162.0041, 
            219.179, 
            182.1573, 
            176.917, 
            194.1541, 
            186.9866, 
            87.72, 
            195.8382, 
            153.0895, 
            86.6784, 
            219.179, 
            224.3868, 
            220.2206, 
            186.7351, 
            189.2843, 
            176.2104, 
            96.9965, 
            185.9451, 
            183.1988, 
            188.2427, 
            181.1157, 
            116.7877, 
            217.0959, 
            189.0697, 
            213.9712, 
            171.7092, 
            223.3453, 
            218.1375, 
            181.4182, 
            189.8598, 
            185.6936, 
            180.8387, 
            188.2427, 
            194.1541, 
            145.0595, 
            217.0959, 
            112.6215, 
            190.3258, 
            218.1375, 
            119.9124, 
            170.8077, 
            220.2206, 
            113.2041, 
            200.1469, 
            202.1132, 
            124.7175, 
            139.7919, 
            192.1944, 
            202.8052, 
            193.755, 
            190.6304, 
            170.8077, 
            190.6304, 
            224.3868, 
            192.7135, 
            122.1497, 
            186.7351, 
            169.626, 
            157.0919, 
            217.0959, 
            218.1375, 
            191.6719, 
            176.2104, 
            188.2212, 
            219.179, 
            191.3674, 
            164.3828, 
            158.1334, 
            186.9866, 
            215.0128, 
            192.7135, 
            188.0282, 
            183.862, 
            215.0128, 
            217.0959, 
            140.9703, 
            213.9712, 
            160.5211, 
            185.9451, 
            171.4646, 
            86.6784, 
            176.6724, 
            188.4388, 
            160.4335, 
            197.7923, 
            194.0767, 
            131.0145, 
            121.9955, 
            185.9451, 
            171.9782, 
            216.0544, 
            218.1375, 
            158.1334, 
            190.3258, 
            185.9451, 
            185.9451, 
            186.9866, 
            197.0965, 
            181.5892, 
            86.6751, 
            217.0959, 
            184.2404, 
            179.3351, 
            221.2622, 
            216.0544, 
            150.2673, 
            218.1375, 
            212.9297, 
            177.2519, 
            215.0128, 
            213.9712, 
            120.954, 
            190.3258, 
            91.0237, 
            218.1375, 
            153.5012, 
            180.3766, 
            121.9955, 
            88.7616, 
            189.2843, 
            190.9014, 
            217.0959, 
            192.1944, 
            189.2843, 
            217.5075, 
            185.9451, 
            192.7135, 
            116.7877, 
            175.8754, 
            108.7541, 
            216.0544, 
            190.9521, 
            144.095, 
            174.8338, 
            196.7507, 
            89.8031, 
            215.0128, 
            184.9035, 
            170.8831, 
            137.0783, 
            215.0128, 
            123.0371, 
            218.1375, 
            188.2148, 
            190.1113, 
            150.6043, 
            215.0128, 
            122.555, 
            215.0128, 
            144.095, 
            218.1375, 
            213.3412, 
            217.0959, 
            189.0876, 
            218.1375, 
            217.0959, 
            185.2819, 
            218.1375, 
            186.1596, 
            170.1119, 
            218.1375, 
            184.9035, 
            160.5211, 
            188.0282, 
            139.9288, 
            97.7131, 
            218.1375, 
            199.8754, 
            212.9297, 
            200.003, 
            117.8293, 
            217.0959, 
            217.0959, 
            159.6396, 
            218.1375, 
            152.1798, 
            187.2011, 
            219.179, 
            186.9866, 
            219.179, 
            147.1426, 
            222.3037, 
            216.0544, 
            169.7661, 
            217.0959, 
            190.3258, 
            160.2165, 
            197.2788, 
            221.2622, 
            221.2622, 
            170.1119, 
            219.179, 
            216.0544, 
            85.6336, 
            198.9628, 
            187.2011, 
            186.7351, 
            125.1202, 
            215.0128, 
            119.2138, 
            197.9213, 
            166.7169, 
            219.179, 
            183.6105, 
            225.4284, 
            219.179, 
            164.9583, 
            186.3556, 
            104.1439, 
            147.6047, 
            186.7351, 
            189.4482, 
            219.179, 
            219.179, 
            185.9451, 
            224.3868, 
            81.1444, 
            217.0959, 
            213.9712, 
            85.6369, 
            215.0128, 
            157.064, 
            218.1375, 
            118.8708, 
            158.5418, 
            182.1573, 
            195.5336, 
            176.2104, 
            116.7877, 
            82.5122, 
            179.7971, 
            220.2206, 
            179.3351, 
            205.3547, 
            157.0919, 
            219.179, 
            190.3258, 
            188.0282, 
            219.179, 
            145.7661, 
            172.7507, 
            183.862, 
            187.2011, 
            82.5122, 
            123.5965, 
            219.179, 
            101.4275, 
            216.0544, 
            200.003, 
            122.1628, 
            156.6258, 
            220.2206, 
            148.2612, 
            116.7877, 
            162.2996, 
            131.5237, 
            122.1497, 
            184.9035, 
            102.6052, 
            216.0544, 
            190.3258, 
            217.0959, 
            219.179, 
            169.1752, 
            187.2011, 
            149.5628, 
            176.6724, 
            217.0959, 
            216.0544, 
            194.4921, 
            189.0697, 
            189.0697, 
            186.1596, 
            121.5366, 
            162.2996, 
            218.1375, 
            150.6043, 
            203.2716, 
            188.2427, 
            195.5336, 
            70.4128, 
            196.9054, 
            129.9253, 
            66.6281, 
            116.132, 
            221.2622, 
            130.4821, 
            203.2716, 
            123.38, 
            226.47, 
            188.2427, 
            223.3453, 
            152.673, 
            119.2138, 
            217.0959, 
            217.0959, 
            219.179, 
            215.0128, 
            183.862, 
            190.1113, 
            188.5472, 
            146.1011, 
            114.7046, 
            123.0371, 
            186.7351, 
            183.5013, 
            194.7966, 
            193.4226, 
            218.1375, 
            177.2519, 
            216.0544, 
            216.0544, 
            182.1573, 
            200.2212, 
            215.0128, 
            88.7616, 
            192.4089, 
            185.6936, 
            190.3258, 
            90.8447, 
            188.2212, 
            218.1375, 
            182.1573, 
            117.8293, 
            90.8447, 
            162.6042, 
            221.2622, 
            151.4491, 
            221.2622, 
            96.0525, 
            223.3453, 
            137.2484, 
            192.7135, 
            104.6883, 
            220.2206, 
            118.8708, 
            215.0128, 
            219.179, 
            128.2411, 
            221.2622, 
            188.0282, 
            193.755, 
            220.2206, 
            191.6719, 
            216.0544, 
            208.3354, 
            121.1081, 
            215.0128, 
            243.0915, 
            86.6784, 
            146.4381, 
            215.0128, 
            167.1876, 
            215.0128, 
            244.133, 
            190.1113, 
            145.2896, 
            124.7175, 
            185.0049, 
            187.2011, 
            96.6913, 
            186.9866, 
            191.1529, 
            120.954, 
            163.5582, 
            156.7386, 
            120.0796, 
            200.003, 
            192.1944, 
            220.2206, 
            189.0697, 
            103.6468, 
            201.0445, 
            121.9955, 
            213.9712, 
            212.9297, 
            189.0697, 
            188.0282, 
            208.4794, 
            85.6369, 
            150.0568, 
            135.7625, 
            215.0128, 
            187.3651, 
            121.1081, 
            219.179, 
            85.6369, 
            196.7507, 
            121.5928, 
            192.4089, 
            121.1081, 
            194.7966, 
            193.236, 
            183.1988, 
            187.3651, 
            213.9712, 
            191.6719, 
            116.7877, 
            215.0128, 
            191.3674, 
            186.7351, 
            113.6631, 
            217.0959, 
            218.1375, 
            221.2622, 
            190.6304, 
            186.9866, 
            188.0282, 
            188.0282, 
            114.7046, 
            202.4866, 
            185.9451, 
            115.7462, 
            197.9198, 
            185.6936, 
            217.0959, 
            219.179, 
            226.3667, 
            69.3712, 
            184.9035, 
            188.2427, 
            218.1375, 
            189.0697, 
            82.5089, 
            222.2005, 
            176.2104, 
            218.1375, 
            189.0697, 
            218.1375, 
            193.755, 
            217.0959, 
            177.2519, 
            126.3262, 
            216.0544, 
            115.7462, 
            192.7135, 
            189.0697, 
            125.2743, 
            188.2212, 
            217.0959, 
            116.7877, 
            88.7616, 
            220.2206, 
            219.179, 
            200.917, 
            161.2302, 
            162.2996, 
            218.1375, 
            86.6784, 
            189.0876, 
            117.8293, 
            141.8751, 
            115.7462, 
            188.0282, 
            215.0128, 
            218.1375, 
            220.2206, 
            218.1375, 
            185.2819, 
            194.2775, 
            148.6463, 
            118.8708, 
            205.3547, 
            222.3037, 
            188.0282, 
            160.2165, 
            86.6784, 
            161.2581, 
            220.2206, 
            118.8708, 
            106.6948, 
            157.6674, 
            217.0959, 
            116.7877, 
            224.3868, 
            115.7462, 
            122.6343, 
            170.6676, 
            194.7966, 
            185.2819, 
            139.3315, 
            107.6244, 
            190.1113, 
            217.0959, 
            193.236, 
            218.1375, 
            222.3037, 
            218.1375, 
            201.0715, 
            216.0544, 
            220.2206, 
            165.7289, 
            221.2622, 
            221.2622, 
            73.5375, 
            215.0128, 
            226.3667, 
            215.0128, 
            216.0544, 
            193.755, 
            221.2622, 
            158.2973, 
            217.0959, 
            201.9585, 
            217.0959, 
            197.9198, 
            186.9866, 
            188.0282, 
            219.179, 
            118.8708, 
            121.1081, 
            220.2206, 
            216.0544, 
            193.4505, 
            183.6105, 
            218.1375, 
            162.6042, 
            216.0544, 
            86.6784, 
            217.0959, 
            216.0544, 
            167.1876, 
            82.9645, 
            191.6719, 
            192.7135, 
            115.7462, 
            152.1798, 
            221.2622, 
            196.8783, 
            149.5628, 
            287.7371, 
            217.0959, 
            196.8783, 
            179.3351, 
            186.9866, 
            218.1375, 
            171.4646, 
            215.0128, 
            222.3037, 
            215.0128, 
            106.3221, 
            116.7877, 
            204.1692, 
            162.2996, 
            188.0282, 
            225.4284, 
            219.179, 
            189.0697, 
            195.0676, 
            116.7877, 
            71.9515, 
            124.2328, 
            216.0544, 
            169.2526, 
            217.0959, 
            200.003, 
            115.7462, 
            125.2743, 
            217.0959, 
            114.7397, 
            193.4505, 
            168.7246, 
            217.0959, 
            113.6631, 
            219.179, 
            150.2673, 
            218.1375, 
            185.9451, 
            121.1081, 
            114.7046, 
            215.0128, 
            186.9866, 
            124.2328, 
            194.2775, 
            224.3868, 
            86.6784, 
            218.1375, 
            100.9271, 
            223.3453, 
            117.8293, 
            222.3037, 
            204.3132, 
            222.3037, 
            221.2622, 
            102.6052, 
            186.9866, 
            188.0282, 
            217.0959, 
            183.5013, 
            150.5898, 
            220.2206, 
            217.0959, 
            185.9451, 
            219.179, 
            118.8708, 
            162.2996, 
            219.179, 
            104.1439, 
            142.0119, 
            197.9213, 
            186.3235, 
            150.2673, 
            179.3351, 
            128.8837, 
            142.4562, 
            158.1334, 
            220.1174, 
            117.8293, 
            171.7092, 
            217.0959, 
            186.9866, 
            170.3123, 
            219.179, 
            97.7328, 
            176.917, 
            217.0959, 
            215.0128, 
            218.1375, 
            218.1375, 
            95.165, 
            158.4379, 
            194.7966, 
            185.2819, 
            114.7046, 
            198.9614, 
            179.3351, 
            165.7289, 
            219.5906, 
            116.7877, 
            187.2011, 
            218.1375, 
            223.3453, 
            186.3235, 
            123.1912, 
            216.0544, 
            188.2148, 
            217.0959, 
            216.0544, 
            215.0128, 
            212.9297, 
            218.1375, 
            111.2537, 
            176.6724, 
            191.3674, 
            190.3043, 
            217.0959, 
            117.8293, 
            173.7923, 
            216.0544, 
            155.8121, 
            215.0128, 
            192.071, 
            147.4796, 
            54.6651, 
            185.6936, 
            146.4381, 
            222.3037, 
            186.9866, 
            218.1375, 
            142.6414, 
            204.3874, 
            188.2427, 
            216.0544, 
            165.7289, 
            159.921, 
            217.0959, 
            189.0697, 
            146.5631, 
            179.3351, 
            203.1276, 
            119.9124, 
            204.3132, 
            99.4805, 
            148.5212, 
            189.0697, 
            118.8708, 
            129.4406, 
            192.9845, 
            194.7966, 
            218.1375, 
            93.0819, 
            190.1113, 
            182.4597, 
            189.2843, 
            118.8708, 
            203.1276, 
            159.175, 
            166.7704, 
            188.0282, 
            186.1317, 
            216.0544, 
            126.8006, 
            169.9206, 
            213.9712, 
            200.003, 
            191.6719, 
            218.1375, 
            216.0544, 
            215.0128, 
            193.755, 
            202.113, 
            222.3037, 
            88.7616, 
            220.2206, 
            159.7448, 
            221.2622, 
            217.0959, 
            144.6054, 
            197.9198, 
            193.4505, 
            148.5212, 
            218.1375, 
            186.9866, 
            117.8293, 
            172.0039, 
            216.0544, 
            203.1546, 
            217.0959, 
            153.3902, 
            112.9441, 
            189.0697, 
            182.8204, 
            217.0959, 
            181.1157, 
            188.8183, 
            192.1944, 
            160.1887, 
            215.0128, 
            192.7135, 
            215.0128, 
            216.0544, 
            179.0326, 
            217.0959, 
            182.4597, 
            220.2206, 
            146.4381, 
            216.0544, 
            218.549, 
            118.601, 
            108.7541, 
            116.7877, 
            190.1113, 
            186.1596, 
            181.4182, 
            184.9035, 
            121.9955, 
            184.2404, 
            177.9585, 
            176.917, 
            102.6052, 
            221.2622, 
            215.0128, 
            170.2998, 
            218.1375, 
            186.9866, 
            189.0876, 
            200.2212, 
            150.7505, 
            186.9866, 
            218.1375, 
            188.2148, 
            116.7877, 
            174.5893, 
            120.954, 
            219.179, 
            86.6784, 
            220.2206, 
            148.1842, 
            189.0697, 
            193.4505, 
            178.7556, 
            188.2148, 
            158.1334, 
            197.9198, 
            195.0676, 
            190.3258, 
            117.8293, 
            101.5636, 
            177.714, 
            215.0128, 
            167.0921, 
            192.7135, 
            216.0544, 
            175.6309, 
            216.0544, 
            215.0128, 
            117.3704, 
            158.4379, 
            142.9166, 
            137.8456, 
            216.0544, 
            217.0959, 
            219.179, 
            163.3412, 
            195.8382, 
            156.2142, 
            215.0128, 
            212.9297, 
            117.8293, 
            125.4693, 
            186.1596, 
            174.466, 
            217.0959, 
            152.1798, 
            189.8598, 
            191.6719, 
            88.0629, 
            185.2819, 
            148.5067, 
            201.2627, 
            186.9866, 
            188.4397, 
            164.3828, 
            217.0959, 
            105.7299, 
            138.8872, 
            177.714, 
            219.179, 
            180.0741, 
            190.1113, 
            116.7877, 
            221.2622, 
            179.3351, 
            187.1733, 
            92.0404, 
            215.0128, 
            219.5906, 
            218.1375, 
            186.9866, 
            223.3453, 
            194.0767, 
            128.4121, 
            172.3829, 
            84.5953, 
            87.72, 
            216.0544, 
            215.0128, 
            188.2212, 
            196.1599, 
            159.175, 
            219.179, 
            215.0128, 
            146.4381, 
            219.179, 
            197.9213, 
            217.0959, 
            196.3607, 
            191.1529, 
            217.0959, 
            118.8708, 
            216.0544, 
            222.3037, 
            187.7767, 
            191.9936, 
            85.6369, 
            188.0282, 
            217.0959, 
            140.203, 
            185.6936, 
            173.5478, 
            213.9712, 
            215.0128, 
            192.4089, 
            224.3868, 
            182.8204, 
            76.6622, 
            189.0697, 
            116.7877, 
            98.0882, 
            193.236, 
            218.1375, 
            213.9712, 
            215.0128, 
            121.9955, 
            148.1842, 
            117.8293, 
            200.2212, 
            194.2775
        ], 
        "x": [
            265.0, 
            230.0, 
            136.0, 
            60.0, 
            231.0, 
            136.0, 
            234.0, 
            77.0, 
            184.0, 
            113.0, 
            284.0, 
            194.0, 
            80.0, 
            331.0, 
            187.0, 
            126.0, 
            233.0, 
            163.0, 
            152.0, 
            83.0, 
            213.0, 
            167.0, 
            68.0, 
            169.0, 
            200.0, 
            215.0, 
            177.0, 
            274.0, 
            283.0, 
            168.0, 
            166.0, 
            170.0, 
            133.0, 
            75.0, 
            214.0, 
            103.0, 
            177.0, 
            211.0, 
            389.0, 
            170.0, 
            193.0, 
            164.0, 
            200.0, 
            243.0, 
            227.0, 
            119.0, 
            238.0, 
            268.0, 
            181.0, 
            173.0, 
            184.0, 
            96.0, 
            183.0, 
            250.0, 
            92.0, 
            125.0, 
            146.0, 
            140.0, 
            240.0, 
            136.0, 
            214.0, 
            162.0, 
            173.0, 
            105.0, 
            74.0, 
            291.0, 
            191.0, 
            246.0, 
            220.0, 
            188.0, 
            105.0, 
            234.0, 
            304.0, 
            213.0, 
            87.0, 
            211.0, 
            140.0, 
            303.0, 
            261.0, 
            189.0, 
            193.0, 
            287.0, 
            203.0, 
            175.0, 
            191.0, 
            272.0, 
            223.0, 
            161.0, 
            123.0, 
            97.0, 
            76.0, 
            235.0, 
            114.0, 
            173.0, 
            194.0, 
            258.0, 
            197.0, 
            222.0, 
            155.0, 
            207.0, 
            170.0, 
            46.0, 
            234.0, 
            235.0, 
            195.0, 
            123.0, 
            118.0, 
            163.0, 
            168.0, 
            127.0, 
            188.0, 
            63.0, 
            146.0, 
            114.0, 
            227.0, 
            113.0, 
            157.0, 
            397.0, 
            114.0, 
            236.0, 
            142.0, 
            148.0, 
            166.0, 
            206.0, 
            221.0, 
            152.0, 
            186.0, 
            75.0, 
            295.0, 
            188.0, 
            164.0, 
            284.0, 
            230.0, 
            189.0, 
            364.0, 
            201.0, 
            156.0, 
            81.0, 
            237.0, 
            236.0, 
            262.0, 
            169.0, 
            85.0, 
            157.0, 
            144.0, 
            159.0, 
            244.0, 
            185.0, 
            262.0, 
            125.0, 
            201.0, 
            215.0, 
            150.0, 
            131.0, 
            262.0, 
            203.0, 
            312.0, 
            106.0, 
            270.0, 
            288.0, 
            116.0, 
            132.0, 
            218.0, 
            95.0, 
            146.0, 
            242.0, 
            106.0, 
            93.0, 
            171.0, 
            274.0, 
            155.0, 
            195.0, 
            182.0, 
            154.0, 
            344.0, 
            192.0, 
            118.0, 
            322.0, 
            103.0, 
            124.0, 
            209.0, 
            171.0, 
            171.0, 
            125.0, 
            155.0, 
            210.0, 
            153.0, 
            133.0, 
            161.0, 
            172.0, 
            214.0, 
            167.0, 
            132.0, 
            152.0, 
            182.0, 
            273.0, 
            92.0, 
            172.0, 
            144.0, 
            252.0, 
            152.0, 
            160.0, 
            225.0, 
            177.0, 
            172.0, 
            166.0, 
            185.0, 
            108.0, 
            68.0, 
            147.0, 
            129.0, 
            320.0, 
            206.0, 
            122.0, 
            168.0, 
            142.0, 
            217.0, 
            163.0, 
            134.0, 
            135.0, 
            41.0, 
            335.0, 
            204.0, 
            176.0, 
            267.0, 
            287.0, 
            132.0, 
            135.0, 
            186.0, 
            111.0, 
            228.0, 
            201.0, 
            83.0, 
            166.0, 
            64.0, 
            142.0, 
            145.0, 
            186.0, 
            109.0, 
            92.0, 
            215.0, 
            138.0, 
            191.0, 
            160.0, 
            187.0, 
            237.0, 
            182.0, 
            189.0, 
            101.0, 
            157.0, 
            107.0, 
            322.0, 
            168.0, 
            340.0, 
            140.0, 
            143.0, 
            73.0, 
            161.0, 
            161.0, 
            131.0, 
            175.0, 
            204.0, 
            75.0, 
            289.0, 
            132.0, 
            120.0, 
            141.0, 
            201.0, 
            87.0, 
            148.0, 
            133.0, 
            243.0, 
            178.0, 
            399.0, 
            251.0, 
            330.0, 
            190.0, 
            286.0, 
            220.0, 
            126.0, 
            161.0, 
            238.0, 
            173.0, 
            103.0, 
            185.0, 
            145.0, 
            203.0, 
            227.0, 
            141.0, 
            125.0, 
            144.0, 
            62.0, 
            169.0, 
            194.0, 
            127.0, 
            222.0, 
            129.0, 
            158.0, 
            181.0, 
            193.0, 
            319.0, 
            161.0, 
            203.0, 
            209.0, 
            273.0, 
            191.0, 
            253.0, 
            157.0, 
            179.0, 
            190.0, 
            241.0, 
            129.0, 
            222.0, 
            139.0, 
            128.0, 
            177.0, 
            172.0, 
            197.0, 
            183.0, 
            191.0, 
            191.0, 
            192.0, 
            199.0, 
            193.0, 
            180.0, 
            369.0, 
            282.0, 
            234.0, 
            198.0, 
            74.0, 
            158.0, 
            199.0, 
            171.0, 
            250.0, 
            207.0, 
            156.0, 
            223.0, 
            51.0, 
            223.0, 
            217.0, 
            127.0, 
            198.0, 
            209.0, 
            153.0, 
            95.0, 
            137.0, 
            291.0, 
            171.0, 
            208.0, 
            73.0, 
            87.0, 
            240.0, 
            356.0, 
            189.0, 
            436.0, 
            160.0, 
            305.0, 
            312.0, 
            147.0, 
            171.0, 
            133.0, 
            144.0, 
            145.0, 
            240.0, 
            104.0, 
            108.0, 
            235.0, 
            153.0, 
            247.0, 
            173.0, 
            98.0, 
            109.0, 
            150.0, 
            115.0, 
            79.0, 
            146.0, 
            92.0, 
            111.0, 
            196.0, 
            131.0, 
            179.0, 
            157.0, 
            197.0, 
            250.0, 
            152.0, 
            190.0, 
            106.0, 
            198.0, 
            327.0, 
            293.0, 
            157.0, 
            159.0, 
            150.0, 
            138.0, 
            98.0, 
            150.0, 
            348.0, 
            309.0, 
            144.0, 
            149.0, 
            158.0, 
            101.0, 
            181.0, 
            176.0, 
            77.0, 
            183.0, 
            295.0, 
            83.0, 
            217.0, 
            142.0, 
            281.0, 
            197.0, 
            171.0, 
            120.0, 
            221.0, 
            241.0, 
            263.0, 
            281.0, 
            160.0, 
            158.0, 
            136.0, 
            194.0, 
            218.0, 
            75.0, 
            99.0, 
            193.0, 
            162.0, 
            185.0, 
            195.0, 
            220.0, 
            164.0, 
            166.0, 
            221.0, 
            169.0, 
            253.0, 
            246.0, 
            81.0, 
            142.0, 
            247.0, 
            241.0, 
            90.0, 
            202.0, 
            220.0, 
            187.0, 
            129.0, 
            111.0, 
            159.0, 
            233.0, 
            175.0, 
            156.0, 
            90.0, 
            235.0, 
            118.0, 
            197.0, 
            66.0, 
            247.0, 
            95.0, 
            171.0, 
            274.0, 
            123.0, 
            319.0, 
            199.0, 
            171.0, 
            218.0, 
            140.0, 
            248.0, 
            171.0, 
            189.0, 
            176.0, 
            230.0, 
            152.0, 
            117.0, 
            229.0, 
            126.0, 
            249.0, 
            260.0, 
            213.0, 
            226.0, 
            87.0, 
            139.0, 
            233.0, 
            70.0, 
            155.0, 
            156.0, 
            81.0, 
            125.0, 
            126.0, 
            94.0, 
            178.0, 
            155.0, 
            181.0, 
            166.0, 
            70.0, 
            181.0, 
            197.0, 
            171.0, 
            229.0, 
            160.0, 
            146.0, 
            248.0, 
            91.0, 
            108.0, 
            125.0, 
            262.0, 
            205.0, 
            99.0, 
            275.0, 
            92.0, 
            246.0, 
            79.0, 
            143.0, 
            102.0, 
            176.0, 
            161.0, 
            155.0, 
            246.0, 
            199.0, 
            56.0, 
            85.0, 
            321.0, 
            194.0, 
            269.0, 
            130.0, 
            153.0, 
            217.0, 
            169.0, 
            184.0, 
            173.0, 
            150.0, 
            158.0, 
            72.0, 
            192.0, 
            202.0, 
            102.0, 
            210.0, 
            141.0, 
            148.0, 
            165.0, 
            231.0, 
            149.0, 
            271.0, 
            212.0, 
            277.0, 
            171.0, 
            39.0, 
            180.0, 
            141.0, 
            281.0, 
            174.0, 
            154.0, 
            234.0, 
            210.0, 
            221.0, 
            108.0, 
            333.0, 
            96.0, 
            191.0, 
            147.0, 
            120.0, 
            192.0, 
            215.0, 
            107.0, 
            73.0, 
            155.0, 
            305.0, 
            240.0, 
            126.0, 
            262.0, 
            153.0, 
            91.0, 
            201.0, 
            72.0, 
            141.0, 
            69.0, 
            167.0, 
            191.0, 
            327.0, 
            158.0, 
            233.0, 
            146.0, 
            156.0, 
            167.0, 
            72.0, 
            180.0, 
            208.0, 
            167.0, 
            289.0, 
            78.0, 
            156.0, 
            240.0, 
            86.0, 
            85.0, 
            127.0, 
            157.0, 
            130.0, 
            141.0, 
            88.0, 
            180.0, 
            142.0, 
            167.0, 
            206.0, 
            201.0, 
            77.0, 
            191.0, 
            200.0, 
            234.0, 
            219.0, 
            162.0, 
            258.0, 
            168.0, 
            248.0, 
            338.0, 
            197.0, 
            219.0, 
            73.0, 
            53.0, 
            212.0, 
            112.0, 
            218.0, 
            187.0, 
            133.0, 
            190.0, 
            149.0, 
            157.0, 
            213.0, 
            210.0, 
            262.0, 
            179.0, 
            132.0, 
            220.0, 
            81.0, 
            77.0, 
            165.0, 
            257.0, 
            347.0, 
            179.0, 
            214.0, 
            120.0, 
            262.0, 
            77.0, 
            69.0, 
            300.0, 
            46.0, 
            77.0, 
            148.0, 
            243.0, 
            107.0, 
            171.0, 
            154.0, 
            140.0, 
            142.0, 
            257.0, 
            217.0, 
            203.0, 
            240.0, 
            86.0, 
            193.0, 
            123.0, 
            288.0, 
            241.0, 
            189.0, 
            121.0, 
            111.0, 
            195.0, 
            129.0, 
            143.0, 
            181.0, 
            339.0, 
            169.0, 
            233.0, 
            145.0, 
            154.0, 
            153.0, 
            257.0, 
            134.0, 
            284.0, 
            141.0, 
            219.0, 
            105.0, 
            81.0, 
            117.0, 
            184.0, 
            172.0, 
            223.0, 
            126.0, 
            250.0, 
            158.0, 
            438.0, 
            162.0, 
            84.0, 
            61.0, 
            177.0, 
            151.0, 
            148.0, 
            168.0, 
            221.0, 
            111.0, 
            179.0, 
            82.0, 
            218.0, 
            105.0, 
            203.0, 
            163.0, 
            187.0, 
            156.0, 
            52.0, 
            146.0, 
            143.0, 
            241.0, 
            166.0, 
            71.0, 
            315.0, 
            272.0, 
            134.0, 
            258.0, 
            73.0, 
            149.0, 
            233.0, 
            68.0, 
            127.0, 
            160.0, 
            170.0, 
            151.0, 
            246.0, 
            134.0, 
            131.0, 
            129.0, 
            187.0, 
            80.0, 
            195.0, 
            269.0, 
            238.0, 
            142.0, 
            189.0, 
            100.0, 
            193.0, 
            197.0, 
            189.0, 
            268.0, 
            240.0, 
            103.0, 
            114.0, 
            149.0, 
            260.0, 
            68.0, 
            313.0, 
            125.0, 
            217.0, 
            193.0, 
            68.0, 
            192.0, 
            214.0, 
            454.0, 
            134.0, 
            87.0, 
            160.0, 
            212.0, 
            271.0, 
            175.0, 
            245.0, 
            168.0, 
            245.0, 
            95.0, 
            241.0, 
            163.0, 
            283.0, 
            262.0, 
            79.0, 
            177.0, 
            169.0, 
            142.0, 
            364.0, 
            197.0, 
            182.0, 
            76.0, 
            199.0, 
            118.0, 
            187.0, 
            104.0, 
            211.0, 
            120.0, 
            175.0, 
            182.0, 
            201.0, 
            141.0, 
            129.0, 
            201.0, 
            170.0, 
            211.0, 
            126.0, 
            189.0, 
            65.0, 
            266.0, 
            35.0, 
            123.0, 
            143.0, 
            86.0, 
            109.0, 
            167.0, 
            171.0, 
            196.0, 
            99.0, 
            224.0, 
            190.0, 
            174.0, 
            74.0, 
            237.0, 
            120.0, 
            151.0, 
            145.0, 
            161.0, 
            150.0, 
            97.0, 
            143.0, 
            178.0, 
            213.0, 
            198.0, 
            87.0, 
            215.0, 
            213.0, 
            276.0, 
            169.0, 
            203.0, 
            69.0, 
            189.0, 
            114.0, 
            190.0, 
            162.0, 
            126.0, 
            308.0, 
            241.0, 
            128.0, 
            183.0, 
            175.0, 
            80.0, 
            175.0, 
            242.0, 
            278.0, 
            79.0, 
            111.0, 
            145.0, 
            259.0, 
            139.0, 
            288.0, 
            326.0, 
            271.0, 
            267.0, 
            160.0, 
            165.0, 
            188.0, 
            176.0, 
            206.0, 
            158.0, 
            267.0, 
            199.0, 
            187.0, 
            98.0, 
            232.0, 
            162.0, 
            116.0, 
            83.0, 
            112.0, 
            166.0, 
            188.0, 
            227.0, 
            269.0, 
            93.0, 
            165.0, 
            179.0, 
            171.0, 
            35.0, 
            279.0, 
            192.0, 
            97.0, 
            220.0, 
            180.0, 
            170.0, 
            162.0, 
            96.0, 
            194.0, 
            231.0, 
            136.0, 
            182.0, 
            244.0, 
            71.0, 
            193.0, 
            89.0, 
            148.0, 
            122.0, 
            136.0, 
            151.0, 
            153.0, 
            109.0, 
            135.0, 
            205.0, 
            167.0, 
            221.0, 
            70.0, 
            128.0, 
            245.0, 
            228.0, 
            123.0, 
            293.0, 
            267.0, 
            127.0, 
            139.0, 
            148.0, 
            102.0, 
            121.0, 
            199.0, 
            129.0, 
            187.0, 
            201.0, 
            317.0, 
            170.0, 
            243.0, 
            162.0, 
            320.0, 
            152.0, 
            103.0, 
            122.0, 
            169.0, 
            170.0, 
            184.0, 
            119.0, 
            152.0, 
            174.0, 
            74.0, 
            178.0, 
            155.0, 
            347.0, 
            186.0, 
            173.0, 
            141.0, 
            266.0, 
            86.0, 
            92.0, 
            192.0, 
            226.0, 
            139.0, 
            136.0, 
            178.0, 
            265.0, 
            215.0, 
            200.0, 
            161.0, 
            171.0, 
            247.0, 
            145.0, 
            148.0, 
            227.0, 
            143.0, 
            82.0, 
            293.0, 
            67.0, 
            61.0, 
            148.0, 
            187.0, 
            179.0, 
            169.0, 
            138.0, 
            222.0, 
            176.0, 
            155.0, 
            227.0, 
            180.0, 
            242.0, 
            166.0, 
            212.0, 
            241.0, 
            81.0, 
            65.0, 
            245.0, 
            163.0, 
            172.0, 
            90.0, 
            199.0, 
            331.0, 
            164.0, 
            76.0, 
            156.0, 
            165.0, 
            229.0, 
            133.0, 
            223.0, 
            164.0, 
            128.0, 
            154.0, 
            73.0, 
            66.0, 
            207.0, 
            211.0, 
            207.0, 
            168.0, 
            94.0, 
            149.0, 
            96.0, 
            183.0, 
            194.0
        ]
    }, 
    "regression_performance": {
        "max_error": 149.79757908145484, 
        "median_error": -11.242706638853662, 
        "error_distribution": [
            {
                "count": 616, 
                "bin_max": -50.804027802310252, 
                "bin_id": 0, 
                "bin_min": -73.315985908155
            }, 
            {
                "count": 1232, 
                "bin_max": -28.514960370780798, 
                "bin_id": 1, 
                "bin_min": -50.804027802310252
            }, 
            {
                "count": 1388, 
                "bin_max": -6.225892939251338, 
                "bin_id": 2, 
                "bin_min": -28.514960370780798
            }, 
            {
                "count": 1010, 
                "bin_max": 16.063174492278108, 
                "bin_id": 3, 
                "bin_min": -6.225892939251338
            }, 
            {
                "count": 564, 
                "bin_max": 38.352241923807554, 
                "bin_id": 4, 
                "bin_min": 16.063174492278108
            }, 
            {
                "count": 440, 
                "bin_max": 60.641309355337029, 
                "bin_id": 5, 
                "bin_min": 38.352241923807554
            }, 
            {
                "count": 299, 
                "bin_max": 82.930376786866475, 
                "bin_id": 6, 
                "bin_min": 60.641309355337029
            }, 
            {
                "count": 145, 
                "bin_max": 105.21944421839592, 
                "bin_id": 7, 
                "bin_min": 82.930376786866475
            }, 
            {
                "count": 84, 
                "bin_max": 127.50851164992537, 
                "bin_id": 8, 
                "bin_min": 105.21944421839592
            }, 
            {
                "count": 178, 
                "bin_max": 149.79757908145484, 
                "bin_id": 9, 
                "bin_min": 127.50851164992537
            }
        ], 
        "min_error": -73.093095233839705, 
        "average_error": -0.12917354689555127, 
        "std_error": 48.52438088224356, 
        "p75_error": 23.770271099204638, 
        "p90_error": 66.840939638031529, 
        "p25_error": -34.284332458594022
    }
}