{
    "rf_max_features": 0, 
    "gbt_max_feature_prop": 0.0, 
    "mllib_gbt_min_instance_per_node": 1, 
    "xgboost_base_score": 0.0, 
    "gbt_n_estimators": 0, 
    "mtries": -1, 
    "gbt_learning_rate": 0.0, 
    "rf_njobs": 0, 
    "xgboost_max_depth": 0, 
    "mllib_rf_max_depth": 5, 
    "mllib_logit_grid": {
        "max_iter": 10, 
        "reg_param": {
            "values": [
                0.1
            ], 
            "gridMode": "EXPLICIT", 
            "randomMode": "RANGE", 
            "limit": {
                "max": null, 
                "min": 0.0
            }, 
            "range": {
                "scaling": "LOGARITHMIC", 
                "max": 10, 
                "nbValues": 3, 
                "min": 0.001
            }
        }, 
        "enet_param": {
            "values": [
                0.0
            ], 
            "gridMode": "EXPLICIT", 
            "randomMode": "RANGE", 
            "limit": {
                "max": null, 
                "min": 0.0
            }, 
            "range": {
                "scaling": "LINEAR", 
                "max": 1.0, 
                "nbValues": 3, 
                "min": 0.0
            }
        }
    }, 
    "gbt_max_features": 0, 
    "min_rows": 10, 
    "gbt_max_depth": 0, 
    "knn_p": 0, 
    "vertica_reg_epsilon": 0.0, 
    "nbins": 20, 
    "mllib_dt_max_bins": 32, 
    "xgboost_silent": false, 
    "mllib_dt_min_info_gain": 0.0, 
    "l2": 0.0, 
    "mllib_logit_enet_param": 0.0, 
    "l1": 0.0, 
    "knn_leaf_size": 0, 
    "autoOptimizeThreshold": true, 
    "mllib_rf_min_instance_per_node": 1, 
    "xgboost_scale_pos_weight": 0.0, 
    "rate": 0.0, 
    "mllib_gbt_checkpoint_interval": 10, 
    "mllib_rf_max_bins": 32, 
    "mllib_gbt_max_depth": 5, 
    "mllib_dt_max_memory_mb": 256, 
    "xgboost_seed": 0, 
    "xgboost_gamma": 0.0, 
    "xgboost_min_child_weight": 0.0, 
    "mllib_rf_cache_node_ids": false, 
    "mllib_naive_bayes_lambda": 1.0, 
    "C": 0.0, 
    "mllib_linreg_enet_param": 0.0, 
    "mllib_gbt_seed": 0, 
    "mllib_dt_cache_node_ids": false, 
    "mllib_logit_reg_param": 0.1, 
    "mllib_dt_checkpoint_interval": 10, 
    "xgboost_subsample": 0.0, 
    "mllib_gbt_min_info_gain": 0.0, 
    "mllib_rf_grid": {
        "cache_node_ids": false, 
        "subset_strategy": "auto", 
        "subsampling_rate": 1.0, 
        "impurity": "gini", 
        "max_bins": 32, 
        "checkpoint_interval": 10, 
        "min_instance_per_node": 1, 
        "min_info_gain": 0.0, 
        "max_memory_mb": 256, 
        "num_trees": {
            "values": [
                20
            ], 
            "gridMode": "EXPLICIT", 
            "randomMode": "RANGE", 
            "limit": {
                "max": null, 
                "min": 1
            }, 
            "range": {
                "scaling": "LINEAR", 
                "max": 50, 
                "nbValues": 3, 
                "min": 10
            }
        }, 
        "seed": 0, 
        "max_depth": {
            "values": [
                5
            ], 
            "gridMode": "EXPLICIT", 
            "randomMode": "RANGE", 
            "limit": {
                "max": null, 
                "min": 1
            }, 
            "range": {
                "scaling": "LINEAR", 
                "max": 8, 
                "nbValues": 3, 
                "min": 3
            }
        }
    }, 
    "l1_ratio": 0.0, 
    "tweedie_variance_power": 0.0, 
    "rf_max_feature_prop": 0.0, 
    "mllib_gbt_max_memory_mb": 256, 
    "max_ensemble_nodes_serialized": 0, 
    "mllib_rf_impurity": "gini", 
    "lambda": 1e-05, 
    "learn_rate": 0.1, 
    "family": "gaussian", 
    "dtc_max_depth": 0, 
    "mllib_rf_min_info_gain": 0.0, 
    "mllib_rf_seed": 0, 
    "gbt_min_samples_leaf": 0, 
    "input_dropout_ratio": 0.0, 
    "mllib_gbt_num_trees": 50, 
    "alpha": 0.0, 
    "computeLearningCurves": false, 
    "mllib_dt_max_depth": 5, 
    "rf_max_tree_depth": 0, 
    "mllib_rf_num_trees": 20, 
    "rf_estimators": 0, 
    "tol": 0.0, 
    "mllib_linreg_reg_param": 0.1, 
    "coef0": 0.0, 
    "max_depth": 5, 
    "mllib_linreg_max_iter": 10, 
    "ntrees": 50, 
    "adaptive_rate": 1, 
    "epsilon": 1e-06, 
    "xgboost_colsample_bytree": 0.0, 
    "xgboost_max_delta_step": 0.0, 
    "mllib_gbt_max_bins": 32, 
    "n_jobs": 0, 
    "mllib_gbt_grid": {
        "cache_node_ids": false, 
        "subsampling_rate": 1.0, 
        "impurity": "gini", 
        "max_bins": 32, 
        "step_size": {
            "values": [
                0.1
            ], 
            "gridMode": "EXPLICIT", 
            "randomMode": "RANGE", 
            "limit": {
                "max": 1, 
                "min": 1e-23
            }, 
            "range": {
                "scaling": "LINEAR", 
                "max": 0.5, 
                "nbValues": 3, 
                "min": 0.05
            }
        }, 
        "max_depth": {
            "values": [
                5
            ], 
            "gridMode": "EXPLICIT", 
            "randomMode": "RANGE", 
            "limit": {
                "max": null, 
                "min": 1
            }, 
            "range": {
                "scaling": "LINEAR", 
                "max": 8, 
                "nbValues": 3, 
                "min": 3
            }
        }, 
        "min_instance_per_node": 1, 
        "min_info_gain": 0.0, 
        "max_memory_mb": 256, 
        "num_trees": {
            "values": [
                50
            ], 
            "gridMode": "EXPLICIT", 
            "randomMode": "RANGE", 
            "limit": {
                "max": null, 
                "min": 1
            }, 
            "range": {
                "scaling": "LINEAR", 
                "max": 50, 
                "nbValues": 3, 
                "min": 10
            }
        }, 
        "seed": 0, 
        "checkpoint_interval": 10
    }, 
    "mllib_rf_subset_strategy": "auto", 
    "mllib_dt_min_instance_per_node": 1, 
    "xgboost_colsample_bylevel": 0.0, 
    "beta_epsilon": 0.0001, 
    "mllib_linreg_grid": {
        "max_iter": 10, 
        "reg_param": {
            "values": [
                0.1
            ], 
            "gridMode": "EXPLICIT", 
            "randomMode": "RANGE", 
            "limit": {
                "max": null, 
                "min": 0.0
            }, 
            "range": {
                "scaling": "LOGARITHMIC", 
                "max": 10, 
                "nbValues": 3, 
                "min": 0.001
            }
        }, 
        "enet_param": {
            "values": [
                0.0
            ], 
            "gridMode": "EXPLICIT", 
            "randomMode": "RANGE", 
            "limit": {
                "max": null, 
                "min": 0.0
            }, 
            "range": {
                "scaling": "LINEAR", 
                "max": 1.0, 
                "nbValues": 3, 
                "min": 0.0
            }
        }
    }, 
    "mllib_logit_max_iter": 10, 
    "xgboost_alpha": 0.0, 
    "mllib_gbt_impurity": "gini", 
    "xgboost_lambda": 0.0, 
    "n_folds": 0, 
    "rate_annealing": 0.0, 
    "xgboost_impute_missing": false, 
    "mllib_gbt_subsampling_rate": 1.0, 
    "mllib_naive_bayes_grid": {
        "lambda": {
            "values": [
                1.0
            ], 
            "gridMode": "EXPLICIT", 
            "randomMode": "RANGE", 
            "limit": {
                "max": null, 
                "min": 1e-23
            }, 
            "range": {
                "scaling": "LOGARITHMIC", 
                "max": 10.0, 
                "nbValues": 3, 
                "min": 0.1
            }
        }
    }, 
    "mllib_rf_max_memory_mb": 256, 
    "xgboost_learning_rate": 0.0, 
    "xgboost_early_stopping_rounds": 0, 
    "xgboost_n_estimators": 0, 
    "xgboost_missing": 0.0, 
    "standardize": 1, 
    "xgboost_enable_early_stopping": false, 
    "knn_k": 0, 
    "forcedClassifierThreshold": 0.0, 
    "max_iter": 0, 
    "xgboost_nthread": 0, 
    "gridLength": 1, 
    "mllib_rf_subsampling_rate": 1.0, 
    "metrics": {
        "customEvaluationMetricNeedsProba": false, 
        "evaluationMetric": "R2", 
        "liftPoint": 0.4, 
        "customEvaluationMetricGIB": true, 
        "costMatrixWeights": {
            "fnGain": 0.0, 
            "tpGain": 1.0, 
            "tnGain": 0.0, 
            "fpGain": -0.3
        }
    }, 
    "rho": 0.95, 
    "rf_min_samples_leaf": 0, 
    "dtc_min_samples_leaf": 0, 
    "mllib_dt_grid": {
        "cache_node_ids": false, 
        "max_bins": 32, 
        "checkpoint_interval": 10, 
        "min_instance_per_node": 1, 
        "min_info_gain": 0.0, 
        "max_memory_mb": 256, 
        "max_depth": {
            "values": [
                5
            ], 
            "gridMode": "EXPLICIT", 
            "randomMode": "RANGE", 
            "limit": {
                "max": null, 
                "min": 1
            }, 
            "range": {
                "scaling": "LINEAR", 
                "max": 8, 
                "nbValues": 3, 
                "min": 3
            }
        }
    }, 
    "knn_distance_weighting": false, 
    "algorithm": "RIDGE_REGRESSION", 
    "mllib_gbt_step_size": 0.1, 
    "grid_search_params": {
        "splitRatio": 0.8, 
        "shuffleIterations": 1, 
        "stratified": true, 
        "nJobs": -1, 
        "nFolds": 3, 
        "mode": "KFOLD"
    }, 
    "vertica_reg_iterations": 0, 
    "sample_rate": 0.6666, 
    "gamma": 0.0, 
    "ridge_grid": {
        "alpha": {
            "values": [
                0.1, 
                1.0, 
                3.0
            ], 
            "gridMode": "EXPLICIT", 
            "randomMode": "RANGE", 
            "limit": {
                "max": null, 
                "min": 1e-23
            }, 
            "range": {
                "scaling": "LOGARITHMIC", 
                "max": 3.0, 
                "nbValues": 3, 
                "min": 0.1
            }
        }, 
        "alphaMode": "AUTO", 
        "enabled": true
    }, 
    "mllib_rf_checkpoint_interval": 10, 
    "mllib_gbt_cache_node_ids": false
}