{
  "state": "DONE",
  "preSearchDescription": {
    "gridLength": 3,
    "importantParams": []
  },
  "postSearchDescription": {
    "importantParams": [
      {
        "name": "alpha",
        "val": "0.0"
      }
    ]
  },
  "modelId": "m1",
  "progress": {
    "top_level_todo": [],
    "stack": [],
    "top_level_done": [
      {
        "name": "Loading train set",
        "time": 49
      },
      {
        "name": "Loading test set",
        "time": 156
      },
      {
        "name": "Collecting statistics",
        "time": 16
      },
      {
        "name": "Preprocessing train set",
        "time": 124
      },
      {
        "name": "Preprocessing test set",
        "time": 40
      },
      {
        "name": "Fitting model",
        "time": 1026
      },
      {
        "name": "Saving model",
        "time": 3
      },
      {
        "name": "Scoring model",
        "time": 521
      }
    ]
  },
  "startTime": 1486127734993,
  "endTime": 1486127736929,
  "preprocessingTime": 386,
  "trainingTime": 1550
}