{
    "modelInputNRows": 23843, 
    "modelInputIsSparse": false, 
    "modelInputMemory": 20409608, 
    "modelInputNCols": 107, 
    "rawImportance": {
        "variables": [
            "pages_visited", 
            "dummy:campain:False", 
            "dummy:campain:True", 
            "dummy:ip_country:United States", 
            "dummy:ip_country:China", 
            "dummy:ip_country:Japan", 
            "dummy:ip_country:Germany", 
            "dummy:ip_country:United Kingdom", 
            "dummy:ip_country:Republic of Korea", 
            "dummy:ip_country:France", 
            "dummy:ip_country:Brazil", 
            "dummy:ip_country:Canada", 
            "dummy:ip_country:Netherlands", 
            "dummy:ip_country:Italy", 
            "dummy:ip_country:Australia", 
            "dummy:ip_country:Russia", 
            "dummy:ip_country:India", 
            "dummy:ip_country:Sweden", 
            "dummy:ip_country:South Africa", 
            "dummy:ip_country:Spain", 
            "dummy:ip_country:Mexico", 
            "dummy:ip_country:Taiwan", 
            "dummy:ip_country:Switzerland", 
            "dummy:ip_country:Poland", 
            "dummy:ip_country:Argentina", 
            "dummy:ip_country:Norway", 
            "dummy:ip_country:Turkey", 
            "dummy:ip_country:Finland", 
            "dummy:ip_country:Denmark", 
            "dummy:ip_country:Colombia", 
            "dummy:ip_country:Belgium", 
            "dummy:ip_country:Egypt", 
            "dummy:ip_country:Ukraine", 
            "dummy:ip_country:Vietnam", 
            "dummy:ip_country:Austria", 
            "dummy:ip_country:Chile", 
            "dummy:ip_country:Thailand", 
            "dummy:ip_country:Indonesia", 
            "dummy:ip_country:Iran", 
            "dummy:ip_country:Romania", 
            "dummy:ip_country:Venezuela", 
            "dummy:ip_country:Malaysia", 
            "dummy:ip_country:Philippines", 
            "dummy:ip_country:Singapore", 
            "dummy:ip_country:Morocco", 
            "dummy:ip_country:Kenya", 
            "dummy:ip_country:Pakistan", 
            "dummy:ip_country:Algeria", 
            "dummy:ip_country:__Others__"
        ], 
        "importances": [
            0.05102578571403597, 
            0.05239657431272324, 
            0.06565445941849612, 
            0.44726975671861186, 
            0.14287720224844425, 
            0.0038923825499887115, 
            0.004788053085608508, 
            0.0026900978947062525, 
            0.0010203297461982325, 
            0.001670233904331399, 
            0.03780542636227993, 
            0.005296736065854674, 
            0.005082573974973451, 
            0.0001752432210343982, 
            0.0034981696620436774, 
            0.00755986142712017, 
            0.04112272482018708, 
            0.0015336524145011352, 
            0.016982870382992975, 
            0.00042202053132499236, 
            0.008642228737383987, 
            0.0005985199933796623, 
            0.003107079115359019, 
            0.001659770843383336, 
            0.0026516035799236132, 
            0.005616367087114115, 
            0.003502695883774748, 
            0.00023206588537036973, 
            0.0002658380130072221, 
            0.009489047172066603, 
            0.00038489010747679936, 
            0.014707609442940823, 
            0.011125151077415707, 
            0.01904396535527236, 
            0.00032205278705866973, 
            2.9673057054191435e-05, 
            0.005421748030392092, 
            0.010964758774951506, 
            0.0012973778946723884, 
            0.001621577149256766, 
            0.0005004928146084747, 
            3.3641837373179835e-05, 
            0.0036056406749534285, 
            0.00040592825243198916, 
            0.0009215123676765999, 
            5.97190279778477e-05, 
            0.0009341888615458393, 
            4.628938302450424e-05, 
            4.4412337697244484e-05
        ]
    }
}