{
    "metrics": {
        "pearson": 0.62676508086628235, 
        "r2": 0.39270577499362835, 
        "rmse": 53.403598851988335, 
        "mape": 0.24427120973500127, 
        "mae": 39.004918574748906, 
        "mse": 2851.9443703440897, 
        "evs": 0.39274297548496517, 
        "rmsle": 0.2961408365745427
    }, 
    "scatterPlotData": {
        "y": [
            217.622, 
            234.7299, 
            185.9029, 
            106.7754, 
            197.1429, 
            181.1551, 
            197.2533, 
            109.3847, 
            232.96, 
            131.5635, 
            178.3161, 
            234.7299, 
            115.5708, 
            234.3923, 
            198.6688, 
            179.6276, 
            194.9906, 
            184.7173, 
            166.0689, 
            108.4214, 
            186.9673, 
            217.622, 
            113.7785, 
            192.6922, 
            231.0459, 
            197.2533, 
            229.756, 
            177.7971, 
            191.2524, 
            107.4791, 
            130.4767, 
            234.7299, 
            116.2345, 
            118.612, 
            195.0244, 
            118.612, 
            191.7424, 
            234.7299, 
            231.0459, 
            181.1551, 
            116.2345, 
            171.192, 
            234.7299, 
            205.1899, 
            181.1551, 
            160.0969, 
            181.1098, 
            234.3923, 
            179.4023, 
            174.6789, 
            191.1145, 
            102.1939, 
            178.3161, 
            178.6194, 
            144.5465, 
            151.1088, 
            177.7047, 
            181.5294, 
            234.3923, 
            185.9029, 
            179.4023, 
            189.7471, 
            186.2143, 
            118.612, 
            102.1939, 
            234.3923, 
            234.7299, 
            234.3923, 
            198.4362, 
            182.7692, 
            178.3161, 
            184.7173, 
            180.9543, 
            194.9906, 
            144.6036, 
            232.96, 
            174.6789, 
            206.1776, 
            160.1116, 
            217.622, 
            234.3923, 
            217.622, 
            206.1776, 
            163.9877, 
            171.3425, 
            191.2524, 
            229.756, 
            149.4907, 
            109.3847, 
            102.1939, 
            102.1939, 
            232.96, 
            136.7379, 
            190.5271, 
            232.96, 
            197.2533, 
            179.5605, 
            194.9906, 
            180.8093, 
            232.96, 
            234.3923, 
            103.2734, 
            177.8181, 
            234.3923, 
            178.3161, 
            149.0619, 
            126.1341, 
            231.0459, 
            185.9029, 
            179.6276, 
            172.1948, 
            102.5938, 
            147.8422, 
            138.5199, 
            190.5271, 
            143.7941, 
            179.5595, 
            205.7713, 
            176.2796, 
            186.1572, 
            178.3161, 
            178.3161, 
            234.3923, 
            179.6858, 
            178.3161, 
            182.322, 
            181.1551, 
            95.2268, 
            196.9258, 
            157.5944, 
            100.9268, 
            234.3923, 
            202.0984, 
            231.0459, 
            185.5615, 
            189.7471, 
            176.8183, 
            130.6142, 
            174.6789, 
            181.2883, 
            191.913, 
            179.1489, 
            107.4791, 
            234.7299, 
            185.9029, 
            197.1429, 
            169.7294, 
            207.8271, 
            232.96, 
            179.6276, 
            185.0101, 
            182.8798, 
            176.81, 
            191.913, 
            182.322, 
            141.865, 
            234.7299, 
            106.7815, 
            191.2524, 
            232.96, 
            104.344, 
            176.9018, 
            231.0459, 
            125.9609, 
            141.1884, 
            179.5605, 
            112.0717, 
            143.902, 
            187.8036, 
            178.3161, 
            198.6688, 
            179.0914, 
            176.9018, 
            179.0914, 
            202.0984, 
            194.9906, 
            106.2756, 
            185.5615, 
            140.8199, 
            148.7463, 
            234.7299, 
            232.96, 
            191.1145, 
            176.8183, 
            178.3161, 
            234.3923, 
            190.5271, 
            151.7673, 
            164.3774, 
            181.1551, 
            206.1776, 
            194.9906, 
            179.4023, 
            171.192, 
            206.1776, 
            234.7299, 
            136.7379, 
            197.1429, 
            149.8613, 
            174.6789, 
            141.2301, 
            100.9268, 
            178.6194, 
            178.3161, 
            178.3161, 
            192.6922, 
            178.886, 
            178.3161, 
            106.7754, 
            174.6789, 
            157.3521, 
            217.622, 
            232.96, 
            164.3774, 
            191.2524, 
            174.6789, 
            174.6789, 
            181.1551, 
            158.0019, 
            176.5066, 
            71.2105, 
            234.7299, 
            180.9757, 
            179.5595, 
            229.756, 
            217.622, 
            147.0795, 
            232.96, 
            167.6742, 
            177.7867, 
            206.1776, 
            197.1429, 
            113.4567, 
            191.2524, 
            163.8752, 
            232.96, 
            149.7896, 
            179.6276, 
            106.7754, 
            107.1816, 
            189.7471, 
            185.0043, 
            234.7299, 
            187.8036, 
            189.7471, 
            225.8483, 
            174.6789, 
            194.9906, 
            107.4791, 
            178.3161, 
            130.7462, 
            217.622, 
            155.6835, 
            144.5465, 
            178.3161, 
            185.1475, 
            97.2291, 
            206.1776, 
            176.354, 
            178.3161, 
            130.6199, 
            206.1776, 
            108.4214, 
            232.96, 
            178.3161, 
            183.7545, 
            146.1194, 
            206.1776, 
            140.8199, 
            206.1776, 
            144.5465, 
            232.96, 
            146.7113, 
            234.7299, 
            178.3161, 
            232.96, 
            234.7299, 
            180.9543, 
            232.96, 
            184.7173, 
            165.2942, 
            232.96, 
            176.354, 
            149.8613, 
            179.4023, 
            142.3565, 
            128.9429, 
            232.96, 
            194.9348, 
            167.6742, 
            202.1377, 
            105.7246, 
            234.7299, 
            234.7299, 
            176.2796, 
            232.96, 
            164.7434, 
            186.1572, 
            234.3923, 
            181.1551, 
            234.3923, 
            141.8007, 
            217.7223, 
            217.622, 
            166.467, 
            234.7299, 
            191.2524, 
            160.1116, 
            182.0802, 
            229.756, 
            229.756, 
            165.2942, 
            234.3923, 
            217.622, 
            71.2105, 
            184.3597, 
            186.1572, 
            185.5615, 
            105.561, 
            206.1776, 
            106.8443, 
            190.0997, 
            169.7294, 
            234.3923, 
            160.186, 
            213.8129, 
            234.3923, 
            158.5644, 
            178.3161, 
            85.7045, 
            132.4525, 
            185.5615, 
            179.2304, 
            234.3923, 
            234.3923, 
            174.6789, 
            202.0984, 
            121.081, 
            234.7299, 
            197.1429, 
            102.5938, 
            206.1776, 
            150.3839, 
            232.96, 
            102.1939, 
            178.3161, 
            179.6858, 
            180.469, 
            176.8183, 
            107.4791, 
            96.6316, 
            178.3019, 
            231.0459, 
            179.5595, 
            205.0321, 
            148.7463, 
            234.3923, 
            191.2524, 
            179.4023, 
            234.3923, 
            143.7854, 
            175.9674, 
            171.192, 
            186.1572, 
            96.6316, 
            155.6835, 
            234.3923, 
            128.4752, 
            217.622, 
            202.1377, 
            119.0373, 
            157.4737, 
            231.0459, 
            144.5465, 
            107.4791, 
            156.5771, 
            103.6155, 
            106.2756, 
            176.354, 
            82.4641, 
            217.622, 
            191.2524, 
            234.7299, 
            234.3923, 
            140.5214, 
            186.1572, 
            151.8654, 
            178.6194, 
            234.7299, 
            217.622, 
            180.1744, 
            185.9029, 
            185.9029, 
            184.7173, 
            124.139, 
            156.5771, 
            232.96, 
            146.1194, 
            190.4552, 
            191.913, 
            180.469, 
            94.1227, 
            155.6835, 
            109.5164, 
            129.5592, 
            129.9754, 
            229.756, 
            103.6155, 
            190.4552, 
            110.9842, 
            209.2208, 
            191.913, 
            207.8271, 
            177.8304, 
            106.8443, 
            234.7299, 
            234.7299, 
            234.3923, 
            206.1776, 
            171.192, 
            183.7545, 
            154.1926, 
            141.0985, 
            101.3673, 
            108.4214, 
            185.5615, 
            177.8181, 
            197.2533, 
            176.2796, 
            232.96, 
            177.7867, 
            217.622, 
            217.622, 
            179.6858, 
            200.23, 
            206.1776, 
            107.1816, 
            188.8629, 
            182.8798, 
            191.2524, 
            113.7785, 
            178.3161, 
            232.96, 
            179.6858, 
            105.7246, 
            113.7785, 
            170.1173, 
            229.756, 
            175.9876, 
            229.756, 
            107.4185, 
            207.8271, 
            152.602, 
            194.9906, 
            90.2113, 
            231.0459, 
            102.1939, 
            206.1776, 
            234.3923, 
            129.9754, 
            229.756, 
            179.4023, 
            198.6688, 
            231.0459, 
            191.1145, 
            217.622, 
            197.6696, 
            111.2846, 
            206.1776, 
            178.3161, 
            100.9268, 
            146.9819, 
            206.1776, 
            177.7047, 
            206.1776, 
            178.3161, 
            183.7545, 
            168.4669, 
            112.0717, 
            176.7165, 
            186.1572, 
            115.8053, 
            181.1551, 
            186.9673, 
            113.4567, 
            176.5066, 
            129.9754, 
            129.2477, 
            202.1377, 
            187.8036, 
            231.0459, 
            185.9029, 
            81.9597, 
            202.7729, 
            106.7754, 
            197.1429, 
            167.6742, 
            185.9029, 
            179.4023, 
            197.2151, 
            102.5938, 
            178.3161, 
            124.9066, 
            206.1776, 
            180.9208, 
            111.2846, 
            234.3923, 
            102.5938, 
            185.1475, 
            111.7228, 
            188.8629, 
            111.2846, 
            197.2533, 
            195.0244, 
            181.2883, 
            180.9208, 
            197.1429, 
            191.1145, 
            107.4791, 
            206.1776, 
            190.5271, 
            185.5615, 
            106.3695, 
            234.7299, 
            232.96, 
            229.756, 
            179.0914, 
            181.1551, 
            179.4023, 
            179.4023, 
            101.3673, 
            179.8451, 
            174.6789, 
            109.3847, 
            201.8567, 
            182.8798, 
            234.7299, 
            234.3923, 
            186.454, 
            84.3377, 
            176.354, 
            191.913, 
            232.96, 
            185.9029, 
            178.3161, 
            173.0011, 
            176.8183, 
            232.96, 
            185.9029, 
            232.96, 
            198.6688, 
            234.7299, 
            177.7867, 
            178.3161, 
            217.622, 
            109.3847, 
            194.9906, 
            185.9029, 
            110.4318, 
            178.3161, 
            234.7299, 
            107.4791, 
            107.1816, 
            231.0459, 
            234.3923, 
            191.7424, 
            150.1392, 
            156.5771, 
            232.96, 
            100.9268, 
            178.3161, 
            105.7246, 
            145.4334, 
            109.3847, 
            179.4023, 
            206.1776, 
            232.96, 
            231.0459, 
            232.96, 
            180.9543, 
            186.2143, 
            132.5787, 
            102.1939, 
            205.0321, 
            217.7223, 
            179.4023, 
            160.1116, 
            100.9268, 
            157.2445, 
            231.0459, 
            102.1939, 
            113.2317, 
            153.3008, 
            234.7299, 
            107.4791, 
            202.0984, 
            109.3847, 
            111.7228, 
            155.6835, 
            197.2533, 
            180.9543, 
            153.535, 
            126.3342, 
            183.7545, 
            234.7299, 
            195.0244, 
            232.96, 
            217.7223, 
            232.96, 
            178.3161, 
            217.622, 
            231.0459, 
            155.8858, 
            229.756, 
            229.756, 
            85.6173, 
            206.1776, 
            186.454, 
            206.1776, 
            217.622, 
            198.6688, 
            229.756, 
            151.1088, 
            234.7299, 
            191.0237, 
            234.7299, 
            201.8567, 
            181.1551, 
            179.4023, 
            234.3923, 
            102.1939, 
            111.2846, 
            231.0459, 
            217.622, 
            185.4943, 
            160.186, 
            232.96, 
            170.1173, 
            217.622, 
            100.9268, 
            234.7299, 
            217.622, 
            177.7047, 
            130.7462, 
            191.1145, 
            194.9906, 
            109.3847, 
            164.7434, 
            229.756, 
            195.8297, 
            151.8654, 
            178.3161, 
            234.7299, 
            195.8297, 
            179.5595, 
            181.1551, 
            232.96, 
            141.2301, 
            206.1776, 
            217.7223, 
            206.1776, 
            129.9754, 
            107.4791, 
            198.8007, 
            156.5771, 
            179.4023, 
            213.8129, 
            234.3923, 
            185.9029, 
            181.5294, 
            107.4791, 
            95.7129, 
            118.612, 
            217.622, 
            166.1621, 
            234.7299, 
            202.1377, 
            109.3847, 
            110.4318, 
            234.7299, 
            128.9429, 
            185.4943, 
            166.3897, 
            234.7299, 
            106.3695, 
            234.3923, 
            147.0795, 
            232.96, 
            174.6789, 
            111.2846, 
            101.3673, 
            206.1776, 
            181.1551, 
            118.612, 
            186.2143, 
            202.0984, 
            100.9268, 
            232.96, 
            86.3092, 
            207.8271, 
            105.7246, 
            217.7223, 
            204.3212, 
            217.7223, 
            229.756, 
            82.4641, 
            181.1551, 
            179.4023, 
            234.7299, 
            177.8181, 
            177.8304, 
            231.0459, 
            234.7299, 
            174.6789, 
            234.3923, 
            102.1939, 
            156.5771, 
            234.3923, 
            85.7045, 
            141.0429, 
            190.0997, 
            181.1098, 
            147.0795, 
            179.5595, 
            108.2204, 
            153.3578, 
            164.3774, 
            140.8199, 
            105.7246, 
            169.7294, 
            234.7299, 
            181.1551, 
            175.8952, 
            234.3923, 
            115.8053, 
            178.3161, 
            234.7299, 
            206.1776, 
            232.96, 
            232.96, 
            97.7272, 
            144.9438, 
            197.2533, 
            180.9543, 
            101.3673, 
            205.1899, 
            179.5595, 
            155.8858, 
            231.1516, 
            107.4791, 
            186.1572, 
            232.96, 
            207.8271, 
            181.1098, 
            116.2345, 
            217.622, 
            178.3161, 
            234.7299, 
            217.622, 
            206.1776, 
            167.6742, 
            232.96, 
            97.1026, 
            178.6194, 
            190.5271, 
            178.3161, 
            234.7299, 
            105.7246, 
            178.3161, 
            217.622, 
            134.0054, 
            206.1776, 
            172.9114, 
            148.0076, 
            129.9754, 
            182.8798, 
            146.9819, 
            217.7223, 
            181.1551, 
            232.96, 
            141.3497, 
            206.9185, 
            191.913, 
            217.622, 
            155.8858, 
            178.3161, 
            234.7299, 
            185.9029, 
            132.0615, 
            179.5595, 
            196.5913, 
            104.344, 
            204.3212, 
            73.2477, 
            149.0619, 
            185.9029, 
            102.1939, 
            103.6155, 
            181.5294, 
            197.2533, 
            232.96, 
            102.9804, 
            183.7545, 
            179.31, 
            189.7471, 
            102.1939, 
            196.5913, 
            160.6594, 
            156.7782, 
            179.4023, 
            175.9674, 
            217.622, 
            115.5068, 
            129.5592, 
            197.1429, 
            202.1377, 
            191.1145, 
            232.96, 
            217.622, 
            206.1776, 
            198.6688, 
            178.3161, 
            217.7223, 
            107.1816, 
            231.0459, 
            178.3161, 
            229.756, 
            234.7299, 
            130.5532, 
            201.8567, 
            185.4943, 
            149.0619, 
            232.96, 
            181.1551, 
            105.7246, 
            142.6065, 
            217.622, 
            178.3161, 
            234.7299, 
            178.3161, 
            113.2928, 
            185.9029, 
            156.5382, 
            234.7299, 
            179.1489, 
            184.9551, 
            187.8036, 
            150.2711, 
            206.1776, 
            194.9906, 
            206.1776, 
            217.622, 
            141.6009, 
            234.7299, 
            179.31, 
            231.0459, 
            146.9819, 
            217.622, 
            230.0943, 
            178.3161, 
            130.7462, 
            107.4791, 
            183.7545, 
            184.7173, 
            179.6276, 
            176.354, 
            106.7754, 
            180.9757, 
            177.9985, 
            178.3161, 
            82.4641, 
            229.756, 
            206.1776, 
            155.6835, 
            232.96, 
            181.1551, 
            178.3161, 
            200.23, 
            153.1563, 
            181.1551, 
            232.96, 
            178.3161, 
            107.4791, 
            177.1676, 
            113.4567, 
            234.3923, 
            100.9268, 
            231.0459, 
            143.3539, 
            185.9029, 
            185.4943, 
            178.6194, 
            178.3161, 
            164.3774, 
            201.8567, 
            181.5294, 
            191.2524, 
            105.7246, 
            100.5646, 
            178.6194, 
            206.1776, 
            140.0265, 
            194.9906, 
            217.622, 
            178.6194, 
            217.622, 
            206.1776, 
            126.1621, 
            144.9438, 
            144.1649, 
            124.0488, 
            217.622, 
            234.7299, 
            234.3923, 
            152.1578, 
            196.9258, 
            149.8275, 
            206.1776, 
            167.6742, 
            105.7246, 
            130.5532, 
            184.7173, 
            178.3161, 
            234.7299, 
            164.7434, 
            185.0101, 
            191.1145, 
            119.6093, 
            180.9543, 
            175.4818, 
            216.5549, 
            181.1551, 
            184.867, 
            151.7673, 
            234.7299, 
            84.144, 
            138.0956, 
            178.6194, 
            234.3923, 
            158.4802, 
            183.7545, 
            107.4791, 
            229.756, 
            179.5595, 
            178.3161, 
            98.9592, 
            206.1776, 
            231.1516, 
            232.96, 
            181.1551, 
            207.8271, 
            178.886, 
            119.0373, 
            175.9674, 
            95.2261, 
            95.2268, 
            217.622, 
            206.1776, 
            178.3161, 
            178.886, 
            160.6594, 
            234.3923, 
            206.1776, 
            146.9819, 
            234.3923, 
            190.0997, 
            234.7299, 
            184.627, 
            186.9673, 
            234.7299, 
            102.1939, 
            217.622, 
            217.7223, 
            184.6607, 
            169.7294, 
            102.5938, 
            179.4023, 
            234.7299, 
            131.3144, 
            182.8798, 
            173.3821, 
            197.1429, 
            206.1776, 
            188.8629, 
            202.0984, 
            156.5382, 
            87.8249, 
            185.9029, 
            107.4791, 
            130.7462, 
            195.0244, 
            232.96, 
            197.1429, 
            206.1776, 
            106.7754, 
            143.3539, 
            105.7246, 
            200.23, 
            186.2143
        ], 
        "x": [
            265.0, 
            230.0, 
            136.0, 
            60.0, 
            231.0, 
            136.0, 
            234.0, 
            77.0, 
            184.0, 
            113.0, 
            284.0, 
            194.0, 
            80.0, 
            331.0, 
            187.0, 
            126.0, 
            233.0, 
            163.0, 
            152.0, 
            83.0, 
            213.0, 
            167.0, 
            68.0, 
            169.0, 
            200.0, 
            215.0, 
            177.0, 
            274.0, 
            283.0, 
            168.0, 
            166.0, 
            170.0, 
            133.0, 
            75.0, 
            214.0, 
            103.0, 
            177.0, 
            211.0, 
            389.0, 
            170.0, 
            193.0, 
            164.0, 
            200.0, 
            243.0, 
            227.0, 
            119.0, 
            238.0, 
            268.0, 
            181.0, 
            173.0, 
            184.0, 
            96.0, 
            183.0, 
            250.0, 
            92.0, 
            125.0, 
            146.0, 
            140.0, 
            240.0, 
            136.0, 
            214.0, 
            162.0, 
            173.0, 
            105.0, 
            74.0, 
            291.0, 
            191.0, 
            246.0, 
            220.0, 
            188.0, 
            105.0, 
            234.0, 
            304.0, 
            213.0, 
            87.0, 
            211.0, 
            140.0, 
            303.0, 
            261.0, 
            189.0, 
            193.0, 
            287.0, 
            203.0, 
            175.0, 
            191.0, 
            272.0, 
            223.0, 
            161.0, 
            123.0, 
            97.0, 
            76.0, 
            235.0, 
            114.0, 
            173.0, 
            194.0, 
            258.0, 
            197.0, 
            222.0, 
            155.0, 
            207.0, 
            170.0, 
            46.0, 
            234.0, 
            235.0, 
            195.0, 
            123.0, 
            118.0, 
            163.0, 
            168.0, 
            127.0, 
            188.0, 
            63.0, 
            146.0, 
            114.0, 
            227.0, 
            113.0, 
            157.0, 
            397.0, 
            114.0, 
            236.0, 
            142.0, 
            148.0, 
            166.0, 
            206.0, 
            221.0, 
            152.0, 
            186.0, 
            75.0, 
            295.0, 
            188.0, 
            164.0, 
            284.0, 
            230.0, 
            189.0, 
            364.0, 
            201.0, 
            156.0, 
            81.0, 
            237.0, 
            236.0, 
            262.0, 
            169.0, 
            85.0, 
            157.0, 
            144.0, 
            159.0, 
            244.0, 
            185.0, 
            262.0, 
            125.0, 
            201.0, 
            215.0, 
            150.0, 
            131.0, 
            262.0, 
            203.0, 
            312.0, 
            106.0, 
            270.0, 
            288.0, 
            116.0, 
            132.0, 
            218.0, 
            95.0, 
            146.0, 
            242.0, 
            106.0, 
            93.0, 
            171.0, 
            274.0, 
            155.0, 
            195.0, 
            182.0, 
            154.0, 
            344.0, 
            192.0, 
            118.0, 
            322.0, 
            103.0, 
            124.0, 
            209.0, 
            171.0, 
            171.0, 
            125.0, 
            155.0, 
            210.0, 
            153.0, 
            133.0, 
            161.0, 
            172.0, 
            214.0, 
            167.0, 
            132.0, 
            152.0, 
            182.0, 
            273.0, 
            92.0, 
            172.0, 
            144.0, 
            252.0, 
            152.0, 
            160.0, 
            225.0, 
            177.0, 
            172.0, 
            166.0, 
            185.0, 
            108.0, 
            68.0, 
            147.0, 
            129.0, 
            320.0, 
            206.0, 
            122.0, 
            168.0, 
            142.0, 
            217.0, 
            163.0, 
            134.0, 
            135.0, 
            41.0, 
            335.0, 
            204.0, 
            176.0, 
            267.0, 
            287.0, 
            132.0, 
            135.0, 
            186.0, 
            111.0, 
            228.0, 
            201.0, 
            83.0, 
            166.0, 
            64.0, 
            142.0, 
            145.0, 
            186.0, 
            109.0, 
            92.0, 
            215.0, 
            138.0, 
            191.0, 
            160.0, 
            187.0, 
            237.0, 
            182.0, 
            189.0, 
            101.0, 
            157.0, 
            107.0, 
            322.0, 
            168.0, 
            340.0, 
            140.0, 
            143.0, 
            73.0, 
            161.0, 
            161.0, 
            131.0, 
            175.0, 
            204.0, 
            75.0, 
            289.0, 
            132.0, 
            120.0, 
            141.0, 
            201.0, 
            87.0, 
            148.0, 
            133.0, 
            243.0, 
            178.0, 
            399.0, 
            251.0, 
            330.0, 
            190.0, 
            286.0, 
            220.0, 
            126.0, 
            161.0, 
            238.0, 
            173.0, 
            103.0, 
            185.0, 
            145.0, 
            203.0, 
            227.0, 
            141.0, 
            125.0, 
            144.0, 
            62.0, 
            169.0, 
            194.0, 
            127.0, 
            222.0, 
            129.0, 
            158.0, 
            181.0, 
            193.0, 
            319.0, 
            161.0, 
            203.0, 
            209.0, 
            273.0, 
            191.0, 
            253.0, 
            157.0, 
            179.0, 
            190.0, 
            241.0, 
            129.0, 
            222.0, 
            139.0, 
            128.0, 
            177.0, 
            172.0, 
            197.0, 
            183.0, 
            191.0, 
            191.0, 
            192.0, 
            199.0, 
            193.0, 
            180.0, 
            369.0, 
            282.0, 
            234.0, 
            198.0, 
            74.0, 
            158.0, 
            199.0, 
            171.0, 
            250.0, 
            207.0, 
            156.0, 
            223.0, 
            51.0, 
            223.0, 
            217.0, 
            127.0, 
            198.0, 
            209.0, 
            153.0, 
            95.0, 
            137.0, 
            291.0, 
            171.0, 
            208.0, 
            73.0, 
            87.0, 
            240.0, 
            356.0, 
            189.0, 
            436.0, 
            160.0, 
            305.0, 
            312.0, 
            147.0, 
            171.0, 
            133.0, 
            144.0, 
            145.0, 
            240.0, 
            104.0, 
            108.0, 
            235.0, 
            153.0, 
            247.0, 
            173.0, 
            98.0, 
            109.0, 
            150.0, 
            115.0, 
            79.0, 
            146.0, 
            92.0, 
            111.0, 
            196.0, 
            131.0, 
            179.0, 
            157.0, 
            197.0, 
            250.0, 
            152.0, 
            190.0, 
            106.0, 
            198.0, 
            327.0, 
            293.0, 
            157.0, 
            159.0, 
            150.0, 
            138.0, 
            98.0, 
            150.0, 
            348.0, 
            309.0, 
            144.0, 
            149.0, 
            158.0, 
            101.0, 
            181.0, 
            176.0, 
            77.0, 
            183.0, 
            295.0, 
            83.0, 
            217.0, 
            142.0, 
            281.0, 
            197.0, 
            171.0, 
            120.0, 
            221.0, 
            241.0, 
            263.0, 
            281.0, 
            160.0, 
            158.0, 
            136.0, 
            194.0, 
            218.0, 
            75.0, 
            99.0, 
            193.0, 
            162.0, 
            185.0, 
            195.0, 
            220.0, 
            164.0, 
            166.0, 
            221.0, 
            169.0, 
            253.0, 
            246.0, 
            81.0, 
            142.0, 
            247.0, 
            241.0, 
            90.0, 
            202.0, 
            220.0, 
            187.0, 
            129.0, 
            111.0, 
            159.0, 
            233.0, 
            175.0, 
            156.0, 
            90.0, 
            235.0, 
            118.0, 
            197.0, 
            66.0, 
            247.0, 
            95.0, 
            171.0, 
            274.0, 
            123.0, 
            319.0, 
            199.0, 
            171.0, 
            218.0, 
            140.0, 
            248.0, 
            171.0, 
            189.0, 
            176.0, 
            230.0, 
            152.0, 
            117.0, 
            229.0, 
            126.0, 
            249.0, 
            260.0, 
            213.0, 
            226.0, 
            87.0, 
            139.0, 
            233.0, 
            70.0, 
            155.0, 
            156.0, 
            81.0, 
            125.0, 
            126.0, 
            94.0, 
            178.0, 
            155.0, 
            181.0, 
            166.0, 
            70.0, 
            181.0, 
            197.0, 
            171.0, 
            229.0, 
            160.0, 
            146.0, 
            248.0, 
            91.0, 
            108.0, 
            125.0, 
            262.0, 
            205.0, 
            99.0, 
            275.0, 
            92.0, 
            246.0, 
            79.0, 
            143.0, 
            102.0, 
            176.0, 
            161.0, 
            155.0, 
            246.0, 
            199.0, 
            56.0, 
            85.0, 
            321.0, 
            194.0, 
            269.0, 
            130.0, 
            153.0, 
            217.0, 
            169.0, 
            184.0, 
            173.0, 
            150.0, 
            158.0, 
            72.0, 
            192.0, 
            202.0, 
            102.0, 
            210.0, 
            141.0, 
            148.0, 
            165.0, 
            231.0, 
            149.0, 
            271.0, 
            212.0, 
            277.0, 
            171.0, 
            39.0, 
            180.0, 
            141.0, 
            281.0, 
            174.0, 
            154.0, 
            234.0, 
            210.0, 
            221.0, 
            108.0, 
            333.0, 
            96.0, 
            191.0, 
            147.0, 
            120.0, 
            192.0, 
            215.0, 
            107.0, 
            73.0, 
            155.0, 
            305.0, 
            240.0, 
            126.0, 
            262.0, 
            153.0, 
            91.0, 
            201.0, 
            72.0, 
            141.0, 
            69.0, 
            167.0, 
            191.0, 
            327.0, 
            158.0, 
            233.0, 
            146.0, 
            156.0, 
            167.0, 
            72.0, 
            180.0, 
            208.0, 
            167.0, 
            289.0, 
            78.0, 
            156.0, 
            240.0, 
            86.0, 
            85.0, 
            127.0, 
            157.0, 
            130.0, 
            141.0, 
            88.0, 
            180.0, 
            142.0, 
            167.0, 
            206.0, 
            201.0, 
            77.0, 
            191.0, 
            200.0, 
            234.0, 
            219.0, 
            162.0, 
            258.0, 
            168.0, 
            248.0, 
            338.0, 
            197.0, 
            219.0, 
            73.0, 
            53.0, 
            212.0, 
            112.0, 
            218.0, 
            187.0, 
            133.0, 
            190.0, 
            149.0, 
            157.0, 
            213.0, 
            210.0, 
            262.0, 
            179.0, 
            132.0, 
            220.0, 
            81.0, 
            77.0, 
            165.0, 
            257.0, 
            347.0, 
            179.0, 
            214.0, 
            120.0, 
            262.0, 
            77.0, 
            69.0, 
            300.0, 
            46.0, 
            77.0, 
            148.0, 
            243.0, 
            107.0, 
            171.0, 
            154.0, 
            140.0, 
            142.0, 
            257.0, 
            217.0, 
            203.0, 
            240.0, 
            86.0, 
            193.0, 
            123.0, 
            288.0, 
            241.0, 
            189.0, 
            121.0, 
            111.0, 
            195.0, 
            129.0, 
            143.0, 
            181.0, 
            339.0, 
            169.0, 
            233.0, 
            145.0, 
            154.0, 
            153.0, 
            257.0, 
            134.0, 
            284.0, 
            141.0, 
            219.0, 
            105.0, 
            81.0, 
            117.0, 
            184.0, 
            172.0, 
            223.0, 
            126.0, 
            250.0, 
            158.0, 
            438.0, 
            162.0, 
            84.0, 
            61.0, 
            177.0, 
            151.0, 
            148.0, 
            168.0, 
            221.0, 
            111.0, 
            179.0, 
            82.0, 
            218.0, 
            105.0, 
            203.0, 
            163.0, 
            187.0, 
            156.0, 
            52.0, 
            146.0, 
            143.0, 
            241.0, 
            166.0, 
            71.0, 
            315.0, 
            272.0, 
            134.0, 
            258.0, 
            73.0, 
            149.0, 
            233.0, 
            68.0, 
            127.0, 
            160.0, 
            170.0, 
            151.0, 
            246.0, 
            134.0, 
            131.0, 
            129.0, 
            187.0, 
            80.0, 
            195.0, 
            269.0, 
            238.0, 
            142.0, 
            189.0, 
            100.0, 
            193.0, 
            197.0, 
            189.0, 
            268.0, 
            240.0, 
            103.0, 
            114.0, 
            149.0, 
            260.0, 
            68.0, 
            313.0, 
            125.0, 
            217.0, 
            193.0, 
            68.0, 
            192.0, 
            214.0, 
            454.0, 
            134.0, 
            87.0, 
            160.0, 
            212.0, 
            271.0, 
            175.0, 
            245.0, 
            168.0, 
            245.0, 
            95.0, 
            241.0, 
            163.0, 
            283.0, 
            262.0, 
            79.0, 
            177.0, 
            169.0, 
            142.0, 
            364.0, 
            197.0, 
            182.0, 
            76.0, 
            199.0, 
            118.0, 
            187.0, 
            104.0, 
            211.0, 
            120.0, 
            175.0, 
            182.0, 
            201.0, 
            141.0, 
            129.0, 
            201.0, 
            170.0, 
            211.0, 
            126.0, 
            189.0, 
            65.0, 
            266.0, 
            35.0, 
            123.0, 
            143.0, 
            86.0, 
            109.0, 
            167.0, 
            171.0, 
            196.0, 
            99.0, 
            224.0, 
            190.0, 
            174.0, 
            74.0, 
            237.0, 
            120.0, 
            151.0, 
            145.0, 
            161.0, 
            150.0, 
            97.0, 
            143.0, 
            178.0, 
            213.0, 
            198.0, 
            87.0, 
            215.0, 
            213.0, 
            276.0, 
            169.0, 
            203.0, 
            69.0, 
            189.0, 
            114.0, 
            190.0, 
            162.0, 
            126.0, 
            308.0, 
            241.0, 
            128.0, 
            183.0, 
            175.0, 
            80.0, 
            175.0, 
            242.0, 
            278.0, 
            79.0, 
            111.0, 
            145.0, 
            259.0, 
            139.0, 
            288.0, 
            326.0, 
            271.0, 
            267.0, 
            160.0, 
            165.0, 
            188.0, 
            176.0, 
            206.0, 
            158.0, 
            267.0, 
            199.0, 
            187.0, 
            98.0, 
            232.0, 
            162.0, 
            116.0, 
            83.0, 
            112.0, 
            166.0, 
            188.0, 
            227.0, 
            269.0, 
            93.0, 
            165.0, 
            179.0, 
            171.0, 
            35.0, 
            279.0, 
            192.0, 
            97.0, 
            220.0, 
            180.0, 
            170.0, 
            162.0, 
            96.0, 
            194.0, 
            231.0, 
            136.0, 
            182.0, 
            244.0, 
            71.0, 
            193.0, 
            89.0, 
            148.0, 
            122.0, 
            136.0, 
            151.0, 
            153.0, 
            109.0, 
            135.0, 
            205.0, 
            167.0, 
            221.0, 
            70.0, 
            128.0, 
            245.0, 
            228.0, 
            123.0, 
            293.0, 
            267.0, 
            127.0, 
            139.0, 
            148.0, 
            102.0, 
            121.0, 
            199.0, 
            129.0, 
            187.0, 
            201.0, 
            317.0, 
            170.0, 
            243.0, 
            162.0, 
            320.0, 
            152.0, 
            103.0, 
            122.0, 
            169.0, 
            170.0, 
            184.0, 
            119.0, 
            152.0, 
            174.0, 
            74.0, 
            178.0, 
            155.0, 
            347.0, 
            186.0, 
            173.0, 
            141.0, 
            266.0, 
            86.0, 
            92.0, 
            192.0, 
            226.0, 
            139.0, 
            136.0, 
            178.0, 
            265.0, 
            215.0, 
            200.0, 
            161.0, 
            171.0, 
            247.0, 
            145.0, 
            148.0, 
            227.0, 
            143.0, 
            82.0, 
            293.0, 
            67.0, 
            61.0, 
            148.0, 
            187.0, 
            179.0, 
            169.0, 
            138.0, 
            222.0, 
            176.0, 
            155.0, 
            227.0, 
            180.0, 
            242.0, 
            166.0, 
            212.0, 
            241.0, 
            81.0, 
            65.0, 
            245.0, 
            163.0, 
            172.0, 
            90.0, 
            199.0, 
            331.0, 
            164.0, 
            76.0, 
            156.0, 
            165.0, 
            229.0, 
            133.0, 
            223.0, 
            164.0, 
            128.0, 
            154.0, 
            73.0, 
            66.0, 
            207.0, 
            211.0, 
            207.0, 
            168.0, 
            94.0, 
            149.0, 
            96.0, 
            183.0, 
            194.0
        ]
    }, 
    "regression_performance": {
        "max_error": 146.8152971460251, 
        "median_error": -9.312650198783977, 
        "error_distribution": [
            {
                "count": 395, 
                "bin_max": -59.566428336670839, 
                "bin_id": 0, 
                "bin_min": -82.72704419639561
            }, 
            {
                "count": 897, 
                "bin_max": -36.635125505260184, 
                "bin_id": 1, 
                "bin_min": -59.566428336670839
            }, 
            {
                "count": 1406, 
                "bin_max": -13.70382267384953, 
                "bin_id": 2, 
                "bin_min": -36.635125505260184
            }, 
            {
                "count": 1231, 
                "bin_max": 9.227480157561132, 
                "bin_id": 3, 
                "bin_min": -13.70382267384953
            }, 
            {
                "count": 757, 
                "bin_max": 32.158782988971794, 
                "bin_id": 4, 
                "bin_min": 9.227480157561132
            }, 
            {
                "count": 487, 
                "bin_max": 55.090085820382441, 
                "bin_id": 5, 
                "bin_min": 32.158782988971794
            }, 
            {
                "count": 321, 
                "bin_max": 78.021388651793117, 
                "bin_id": 6, 
                "bin_min": 55.090085820382441
            }, 
            {
                "count": 189, 
                "bin_max": 100.95269148320376, 
                "bin_id": 7, 
                "bin_min": 78.021388651793117
            }, 
            {
                "count": 96, 
                "bin_max": 123.88399431461441, 
                "bin_id": 8, 
                "bin_min": 100.95269148320376
            }, 
            {
                "count": 177, 
                "bin_max": 146.8152971460251, 
                "bin_id": 9, 
                "bin_min": 123.88399431461441
            }
        ], 
        "min_error": -82.497731168081501, 
        "average_error": -0.03283350991171557, 
        "std_error": 48.63475395289196, 
        "p75_error": 24.275845665279888, 
        "p90_error": 67.327603700840086, 
        "p25_error": -33.379231874164319
    }
}