{
  "state": "DONE",
  "preSearchDescription": {
    "gridLength": 1,
    "importantParams": [
      {
        "name": "trees",
        "vals": [
          "100"
        ]
      },
      {
        "name": "depth",
        "vals": [
          "23"
        ]
      },
      {
        "name": "min_samples",
        "vals": [
          "17"
        ]
      }
    ]
  },
  "postSearchDescription": {
    "importantParams": [
      {
        "name": "trees",
        "val": "100"
      },
      {
        "name": "depth",
        "val": "23"
      },
      {
        "name": "min_samples",
        "val": "17"
      }
    ]
  },
  "modelId": "m1",
  "progress": {
    "top_level_todo": [],
    "stack": [],
    "top_level_done": [
      {
        "name": "Loading train set",
        "time": 42
      },
      {
        "name": "Loading test set",
        "time": 14
      },
      {
        "name": "Collecting statistics",
        "time": 188
      },
      {
        "name": "Preprocessing train set",
        "time": 70
      },
      {
        "name": "Preprocessing test set",
        "time": 34
      },
      {
        "name": "Fitting model",
        "time": 10339
      },
      {
        "name": "Saving model",
        "time": 14
      },
      {
        "name": "Scoring model",
        "time": 1012
      }
    ]
  },
  "startTime": 1486127734982,
  "endTime": 1486127746699,
  "preprocessingTime": 351,
  "trainingTime": 11366
}