{
  "dataSpec": {
    "inputDatasetSmartName": "orders_prepared",
    "datasetSelection": {
      "useMemTable": false,
      "filter": {
        "distinct": false,
        "enabled": false
      },
      "partitionSelectionMethod": "ALL",
      "latestPartitionsN": 1,
      "ordering": {
        "enabled": false,
        "rules": []
      },
      "samplingMethod": "HEAD_SEQUENTIAL",
      "maxRecords": 100000,
      "targetRatio": 0.02,
      "withinFirstN": -1,
      "maxReadUncompressedBytes": -1
    },
    "autoRefreshSample": true,
    "refreshTrigger": 0,
    "containerSelection": {
      "containerMode": "INHERIT"
    }
  },
  "rootCard": {
    "type": "worksheet_root",
    "confidenceLevel": 0.95,
    "showConfidenceInterval": false,
    "cards": [
      {
        "type": "univariate_header",
        "showHistogram": true,
        "showQuantile": true,
        "showFrequencyTable": true,
        "showSummary": true,
        "showBoxPlot": true,
        "xColumns": [
          {
            "name": "pages_visited",
            "type": "CONTINUOUS"
          },
          {
            "name": "tshirt_category",
            "type": "CATEGORICAL"
          },
          {
            "name": "total",
            "type": "CONTINUOUS"
          }
        ],
        "cards": [
          {
            "type": "column_card",
            "column": {
              "name": "pages_visited",
              "type": "CONTINUOUS"
            },
            "cards": [
              {
                "type": "numerical_histogram",
                "showBoxPlot": true,
                "showHistogram": true,
                "binningMode": "AUTO",
                "nbBins": 100,
                "customBinningBoundaries": [],
                "column": {
                  "name": "pages_visited",
                  "type": "CONTINUOUS"
                },
                "id": "z9IkhKG"
              },
              {
                "type": "univariate_summary",
                "confidenceLevel": 0.95,
                "showConfidenceInterval": false,
                "compute": {
                  "totalCount": true,
                  "mean": true,
                  "sum": false,
                  "median": true,
                  "std": true,
                  "variance": false,
                  "skewness": false,
                  "kurtosis": false,
                  "sem": false,
                  "completeCount": true,
                  "nbEmpty": true,
                  "zeroCount": false,
                  "zeroRatio": false,
                  "nonZeroRatio": false,
                  "iqr": false,
                  "distinctCount": true,
                  "nbNonEmpty": false,
                  "min": true,
                  "max": true,
                  "range": false,
                  "mode": true
                },
                "column": {
                  "name": "pages_visited",
                  "type": "CONTINUOUS"
                },
                "id": "RS0P6ht"
              },
              {
                "type": "quantile_table",
                "confidenceLevel": 0.95,
                "showConfidenceInterval": false,
                "column": {
                  "name": "pages_visited",
                  "type": "CONTINUOUS"
                },
                "id": "YM3UFxS"
              }
            ],
            "id": "3IZjGjH"
          },
          {
            "type": "column_card",
            "column": {
              "name": "tshirt_category",
              "type": "CATEGORICAL"
            },
            "cards": [
              {
                "type": "categorical_histogram",
                "maxValues": 10,
                "groupOthers": false,
                "column": {
                  "name": "tshirt_category",
                  "type": "CATEGORICAL"
                },
                "id": "hacUgLG"
              },
              {
                "type": "univariate_summary",
                "confidenceLevel": 0.95,
                "showConfidenceInterval": false,
                "compute": {
                  "totalCount": true,
                  "mean": true,
                  "sum": false,
                  "median": true,
                  "std": true,
                  "variance": false,
                  "skewness": false,
                  "kurtosis": false,
                  "sem": false,
                  "completeCount": true,
                  "nbEmpty": true,
                  "zeroCount": false,
                  "zeroRatio": false,
                  "nonZeroRatio": false,
                  "iqr": false,
                  "distinctCount": true,
                  "nbNonEmpty": false,
                  "min": true,
                  "max": true,
                  "range": false,
                  "mode": true
                },
                "column": {
                  "name": "tshirt_category",
                  "type": "CATEGORICAL"
                },
                "id": "zttYyf5"
              },
              {
                "type": "univariate_frequency_table",
                "maxValues": 10,
                "column": {
                  "name": "tshirt_category",
                  "type": "CATEGORICAL"
                },
                "id": "PJX5slh"
              }
            ],
            "id": "aS7eTQc"
          },
          {
            "type": "column_card",
            "column": {
              "name": "total",
              "type": "CONTINUOUS"
            },
            "cards": [
              {
                "type": "numerical_histogram",
                "showBoxPlot": true,
                "showHistogram": true,
                "binningMode": "AUTO",
                "nbBins": 100,
                "customBinningBoundaries": [],
                "column": {
                  "name": "total",
                  "type": "CONTINUOUS"
                },
                "id": "VQSxa9j"
              },
              {
                "type": "univariate_summary",
                "confidenceLevel": 0.95,
                "showConfidenceInterval": false,
                "compute": {
                  "totalCount": true,
                  "mean": true,
                  "sum": false,
                  "median": true,
                  "std": true,
                  "variance": false,
                  "skewness": false,
                  "kurtosis": false,
                  "sem": false,
                  "completeCount": true,
                  "nbEmpty": true,
                  "zeroCount": false,
                  "zeroRatio": false,
                  "nonZeroRatio": false,
                  "iqr": false,
                  "distinctCount": true,
                  "nbNonEmpty": false,
                  "min": true,
                  "max": true,
                  "range": false,
                  "mode": true
                },
                "column": {
                  "name": "total",
                  "type": "CONTINUOUS"
                },
                "id": "3bSS4d1"
              },
              {
                "type": "quantile_table",
                "confidenceLevel": 0.95,
                "showConfidenceInterval": false,
                "column": {
                  "name": "total",
                  "type": "CONTINUOUS"
                },
                "id": "RSxrLWQ"
              }
            ],
            "id": "yGXDaQn"
          }
        ],
        "id": "BoY8AYq"
      },
      {
        "type": "fit_distribution",
        "distributions": [
          {
            "distribution": {
              "type": "exponential"
            }
          }
        ],
        "confidenceLevel": 0.95,
        "column": {
          "name": "total",
          "type": "CONTINUOUS"
        },
        "id": "b4Xjwv3"
      }
    ],
    "id": "AEww0zH"
  },
  "name": "Worksheet",
  "versionTag": {
    "versionNumber": 2,
    "lastModifiedBy": {
      "login": "msakande"
    },
    "lastModifiedOn": 1583943911601
  },
  "creationTag": {
    "versionNumber": 0,
    "lastModifiedBy": {
      "login": "msakande"
    },
    "lastModifiedOn": 1583943850798
  },
  "tags": [],
  "customFields": {},
  "checklists": {
    "checklists": []
  }
}