{
  "steps": [],
  "tags": [],
  "explorationSampling": {
    "selection": {
      "samplingMethod": "HEAD_SEQUENTIAL",
      "partitionSelectionMethod": "ALL",
      "maxRecords": 30000,
      "targetRatio": 0.02
    },
    "autoRefreshSample": false,
    "_refreshTrigger": 0
  },
  "vizSampling": {
    "autoRefreshSample": false,
    "_refreshTrigger": 0
  },
  "exploreUIParams": {},
  "explorationFilters": [],
  "charts": [
    {
      "data": {
        "name": "Chart",
        "genericMeasures": [],
        "dimensions": [],
        "type": "grouped_bars",
        "includeZero": true,
        "showLegend": true,
        "chartOptions": {},
        "hexbinRadius": 20,
        "yAxisMode": "NORMAL",
        "xAxisMode": "NORMAL",
        "computeMode": "NONE",
        "smoothing": true,
        "colorPaletteType": "linear",
        "colorPalette": "default",
        "filters": [],
        "colorMeasures": [],
        "sizeMeasures": [],
        "typedMeasures": {
          "mapColor": [],
          "mapSize": []
        },
        "measures": []
      },
      "$$hashKey": "0DT",
      "chartOptions": {
        "zeroEnabled": true,
        "enabledYAxisModes": [
          {
            "value": "NORMAL",
            "label": "Normal",
            "shortLabel": "Normal"
          },
          {
            "value": "LOG",
            "label": "Logarithmic scale",
            "shortLabel": "Log"
          }
        ],
        "enabledXAxisModes": [
          {
            "value": "NORMAL",
            "label": "Normal",
            "shortLabel": "Normal"
          },
          {
            "value": "CUMULATIVE",
            "label": "Cumulative values",
            "shortLabel": "Cumulative"
          }
        ],
        "enabledComputeModes": [
          {
            "value": "NONE",
            "label": "No computation",
            "shortLabel": "None"
          }
        ],
        "smoothingChoice": false,
        "legendChoice": true,
        "vAxisOptionsDisplayed": true,
        "hAxisOptionsDisplayed": true,
        "computeOptionsDisplayed": false
      }
    }
  ],
  "chartsEngine": "LINO"
}