{
    "modelInputNRows": 23843, 
    "modelInputIsSparse": false, 
    "modelInputMemory": 21744816, 
    "modelInputNCols": 114, 
    "lmCoefficients": {
        "variables": [
            "age", 
            "price_first_item_purchased", 
            "dummy:campain:False", 
            "dummy:campain:True", 
            "dummy:ip_country:United States", 
            "dummy:ip_country:China", 
            "dummy:ip_country:Brazil", 
            "dummy:ip_country:India"
        ], 
        "coefs": [
            0.298408952041532, 
            28.958440924460117, 
            14.946387995850813, 
            -9.68887469611073e-14, 
            37.164068845129464, 
            -40.997239203135024, 
            -4.08892978884847, 
            -19.938492888801132
        ], 
        "interceptCoef": 154.84606773084096, 
        "pvalue": [
            0.3645312579549693, 
            0.0, 
            0.0, 
            0.49999999999980094, 
            0.0, 
            0.0, 
            0.0, 
            0.0
        ], 
        "tstat": [
            0.34637695112409267, 
            28.96944320631459, 
            76.96430857902186, 
            -4.989148830486348e-13, 
            156.14705111376367, 
            -464.52183497161343, 
            -175.18634814450354, 
            -1779.3171651251198
        ]
    }
}