{
    "metrics": {
        "pearson": 0.74816992434146412, 
        "r2": 0.51719415365859867, 
        "rmse": 47.850450424040744, 
        "mape": 0.24452509688379967, 
        "mae": 35.784043907272562, 
        "mse": 2289.6656057835812, 
        "evs": 0.51787844955172835, 
        "rmsle": 0.29121182080108604
    }, 
    "scatterPlotData": {
        "y": [
            233.9736, 
            230.3328, 
            149.8611, 
            180.3686, 
            114.9295, 
            179.1704, 
            143.264, 
            187.0252, 
            172.6945, 
            159.7334, 
            208.6167, 
            102.2668, 
            128.6457, 
            171.3349, 
            180.4281, 
            134.8235, 
            174.6798, 
            156.0863, 
            158.4777, 
            210.041, 
            187.0109, 
            287.0427, 
            173.0821, 
            137.2283, 
            172.8084, 
            165.4817, 
            156.2687, 
            159.7651, 
            188.587, 
            172.2751, 
            193.0448, 
            209.9726, 
            208.4295, 
            180.9842, 
            170.9601, 
            170.6954, 
            182.9219, 
            165.5818, 
            210.0182, 
            158.6601, 
            172.8085, 
            210.1322, 
            171.3794, 
            219.0272, 
            173.4925, 
            174.8939, 
            135.1883, 
            143.1133, 
            207.9051, 
            186.8884, 
            150.0574, 
            193.4923, 
            172.9681, 
            170.5814, 
            210.2006, 
            174.4835, 
            143.9113, 
            135.111, 
            186.6372, 
            173.4241, 
            123.8272, 
            210.2145, 
            149.9751, 
            233.358, 
            246.0088, 
            207.9279, 
            136.0752, 
            187.0708, 
            156.0863, 
            143.0221, 
            187.0936, 
            174.4835, 
            170.6954, 
            172.7857, 
            173.3101, 
            108.9095, 
            244.7865, 
            233.4036, 
            142.9993, 
            270.7501, 
            158.2725, 
            256.0317, 
            180.8246, 
            132.3357, 
            233.7228, 
            210.2234, 
            159.7195, 
            172.9453, 
            156.3143, 
            210.9074, 
            128.1213, 
            172.6032, 
            157.9761, 
            170.7182, 
            87.3204, 
            170.9006, 
            180.2318, 
            108.8867, 
            115.6135, 
            131.7657, 
            155.6806, 
            146.1504, 
            128.5545, 
            143.3185, 
            172.6717, 
            186.2129, 
            171.3349, 
            102.2301, 
            174.4151, 
            155.9495, 
            208.6585, 
            150.4767, 
            233.586, 
            234.156, 
            166.776, 
            172.2751, 
            102.0477, 
            193.3412, 
            146.5474, 
            209.7902, 
            175.1675, 
            286.7919, 
            245.644, 
            246.3736, 
            170.9601, 
            156.4511, 
            96.5274, 
            143.1589, 
            156.5651, 
            180.0266, 
            135.111, 
            137.4563, 
            128.9649, 
            150.0574, 
            270.8324, 
            130.1086, 
            149.9295, 
            208.7031, 
            143.1817, 
            210.5882, 
            156.0635, 
            180.1862, 
            180.1406, 
            159.6055, 
            187.276, 
            131.7429, 
            187.2214, 
            94.1138, 
            234.156, 
            223.8785, 
            149.7471, 
            245.7491, 
            149.7927, 
            165.4817, 
            143.2957, 
            186.6372, 
            150.1803, 
            207.9051, 
            186.5093, 
            132.1761, 
            143.5009, 
            210.0182, 
            141.2995, 
            210.5426, 
            171.0602, 
            195.1858, 
            223.5137, 
            143.264, 
            134.8235, 
            149.8155, 
            218.7219, 
            143.6149, 
            187.5268, 
            115.0891, 
            233.6544, 
            172.8769, 
            145.681, 
            173.4925, 
            173.0365, 
            156.6335, 
            180.4281, 
            141.3818, 
            180.0266, 
            131.7657, 
            224.5853, 
            180.209, 
            155.9723, 
            193.866, 
            224.0381, 
            219.0044, 
            271.0009, 
            138.1631, 
            210.383, 
            171.1286, 
            186.6372, 
            210.1094, 
            165.9238, 
            245.9404, 
            128.4633, 
            150.4995, 
            208.4799, 
            187.9828, 
            223.5137, 
            131.8569, 
            172.9225, 
            158.1357, 
            141.7783, 
            210.2006, 
            186.7373, 
            137.2739, 
            218.7219, 
            187.6408, 
            172.8085, 
            172.6489, 
            193.2504, 
            122.5099, 
            180.551, 
            245.758, 
            142.9993, 
            135.0743, 
            218.4116, 
            208.2291, 
            170.7182, 
            186.8884, 
            135.0971, 
            108.9551, 
            141.3818, 
            150.5223, 
            180.3914, 
            180.4281, 
            207.8595, 
            96.345, 
            127.9845, 
            208.1242, 
            186.6372, 
            173.0504, 
            137.3879, 
            180.4826, 
            286.5094, 
            158.0901, 
            156.2003, 
            195.2681, 
            172.8085, 
            194.8894, 
            193.0043, 
            255.7809, 
            193.2738, 
            157.0439, 
            173.2189, 
            156.6563, 
            193.8204, 
            210.5198, 
            244.9005, 
            142.9537, 
            173.0821, 
            193.7292, 
            141.4135, 
            172.512, 
            208.8548, 
            129.7438, 
            194.0484, 
            186.5321, 
            195.2086, 
            174.3923, 
            128.0073, 
            186.4181, 
            133.5953, 
            195.1402, 
            186.5321, 
            128.6913, 
            286.5094, 
            180.4142, 
            141.0487, 
            186.9568, 
            158.1129, 
            173.1505, 
            180.4142, 
            193.2276, 
            245.6212, 
            141.3818, 
            128.6685, 
            210.6794, 
            172.8085, 
            287.0199, 
            287.1111, 
            143.1589, 
            180.2318, 
            143.264, 
            128.8053, 
            117.2069, 
            174.6798, 
            87.3293, 
            159.7334, 
            149.9979, 
            255.886, 
            178.5092, 
            156.2459, 
            208.1242, 
            150.1803, 
            146.0002, 
            170.627, 
            157.9305, 
            128.3176, 
            172.8313, 
            145.4436, 
            234.5675, 
            172.0332, 
            156.2915, 
            270.9325, 
            209.7902, 
            157.8621, 
            195.0034, 
            96.4818, 
            172.284, 
            165.1486, 
            137.0687, 
            173.0821, 
            186.6372, 
            180.6878, 
            186.934, 
            181.121, 
            157.9989, 
            194.9122, 
            174.6798, 
            249.149, 
            141.9835, 
            173.0593, 
            143.0449, 
            135.1199, 
            150.1119, 
            210.5426, 
            223.8012, 
            210.0182, 
            186.6372, 
            134.9375, 
            171.6085, 
            180.3458, 
            223.5593, 
            143.4781, 
            167.4599, 
            109.0601, 
            157.6797, 
            172.8312, 
            208.2243, 
            149.8611, 
            208.2015, 
            158.2725, 
            180.551, 
            171.942, 
            132.1077, 
            165.9694, 
            156.6382, 
            186.8656, 
            180.323, 
            180.2774, 
            170.9601, 
            172.7173, 
            193.1592, 
            158.1129, 
            172.8085, 
            223.7417, 
            158.104, 
            209.7902, 
            210.497, 
            187.1848, 
            193.4328, 
            108.7727, 
            114.9114, 
            150.6591, 
            187.5268, 
            187.504, 
            134.9831, 
            137.7527, 
            159.7879, 
            187.1392, 
            234.1104, 
            102.6633, 
            180.2546, 
            143.4097, 
            174.8483, 
            193.6836, 
            180.9386, 
            178.5548, 
            187.1164, 
            165.6046, 
            137.6387, 
            102.0477, 
            170.6498, 
            209.8586, 
            193.9344, 
            223.8012, 
            156.4055, 
            173.0137, 
            180.1178, 
            134.7779, 
            173.1505, 
            186.7829, 
            170.7182, 
            172.0104, 
            172.6489, 
            245.7491, 
            187.0708, 
            230.6748, 
            135.1655, 
            128.3176, 
            149.7699, 
            131.8113, 
            127.9389, 
            193.3872, 
            223.6505, 
            286.5094, 
            141.0259, 
            172.8997, 
            115.1347, 
            223.4225, 
            156.1091, 
            143.7517, 
            143.0677, 
            186.4181, 
            170.6042, 
            173.1277, 
            117.2297, 
            180.9614, 
            178.2128, 
            172.8769, 
            149.8611, 
            172.7173, 
            187.162, 
            208.9539, 
            172.8084, 
            210.7478, 
            180.5966, 
            109.1375, 
            141.7099, 
            172.284, 
            165.1714, 
            186.3269, 
            172.8769, 
            137.9807, 
            173.0504, 
            207.9507, 
            102.0705, 
            186.9568, 
            207.8139, 
            193.6386, 
            230.5836, 
            207.9735, 
            173.0593, 
            245.7491, 
            218.7219, 
            209.0043, 
            174.6798, 
            131.7657, 
            193.5924, 
            178.646, 
            192.794, 
            171.3577, 
            171.1514, 
            210.5882, 
            128.3176, 
            143.2729, 
            145.74, 
            144.0481, 
            174.7571, 
            171.8964, 
            219.05, 
            149.8611, 
            186.9112, 
            218.366, 
            249.2175, 
            135.4163, 
            143.3185, 
            186.3953, 
            187.2214, 
            150.0574, 
            208.4295, 
            160.2895, 
            193.5563, 
            150.4311, 
            143.1589, 
            156.4283, 
            128.3176, 
            193.2732, 
            171.5629, 
            138.1175, 
            149.7927, 
            180.2774, 
            210.4286, 
            97.143, 
            142.9309, 
            108.7727, 
            128.4405, 
            187.276, 
            234.4079, 
            86.9645, 
            172.7173, 
            218.3888, 
            102.4353, 
            210.269, 
            174.3239, 
            137.1827, 
            159.4459, 
            132.0531, 
            180.0722, 
            187.1392, 
            129.8122, 
            155.9267, 
            97.0746, 
            137.7755, 
            173.0504, 
            137.8439, 
            186.5093, 
            143.5921, 
            150.3399, 
            224.1065, 
            210.155, 
            171.083, 
            210.7934, 
            173.1049, 
            208.6813, 
            195.8242, 
            180.3914, 
            175.1219, 
            170.8322, 
            187.6408, 
            223.8012, 
            209.2058, 
            210.0182, 
            187.2214, 
            208.4751, 
            234.3989, 
            159.5371, 
            173.0821, 
            270.6133, 
            180.4281, 
            187.2214, 
            195.2681, 
            210.2145, 
            233.8368, 
            174.0853, 
            137.5157, 
            131.6517, 
            186.6689, 
            142.9765, 
            180.4281, 
            210.611, 
            134.9831, 
            208.7953, 
            134.9831, 
            193.1778, 
            102.5721, 
            233.4492, 
            233.5176, 
            156.0863, 
            128.0301, 
            175.6007, 
            150.3171, 
            172.8997, 
            115.0165, 
            156.661, 
            165.6958, 
            210.3374, 
            171.2665, 
            150.8187, 
            180.323, 
            132.0621, 
            158.7741, 
            103.0281, 
            155.7262, 
            193.3872, 
            143.1817, 
            143.2045, 
            173.5837, 
            137.8667, 
            143.264, 
            109.5935, 
            208.8171, 
            233.6683, 
            193.5563, 
            207.8139, 
            94.0999, 
            187.2532, 
            174.5975, 
            170.855, 
            143.6605, 
            137.2283, 
            128.2581, 
            122.8063, 
            150.0574, 
            157.7709, 
            208.1103, 
            117.5773, 
            186.4637, 
            186.8884, 
            209.1183, 
            128.0301, 
            143.3869, 
            143.5921, 
            173.0821, 
            142.9537, 
            173.0504, 
            255.886, 
            187.2214, 
            249.3453, 
            186.9796, 
            245.7491, 
            172.1244, 
            156.3282, 
            187.39, 
            170.6954, 
            210.1094, 
            171.3577, 
            224.0837, 
            245.9632, 
            173.0137, 
            156.5879, 
            143.0449, 
            210.3146, 
            208.7497, 
            155.9086, 
            223.8012, 
            230.5152, 
            180.2774, 
            223.3997, 
            141.1399, 
            93.7807, 
            87.6713, 
            193.1778, 
            143.0677, 
            175.3271, 
            172.6945, 
            172.2751, 
            187.0024, 
            165.2398, 
            135.3479, 
            245.7491, 
            209.5706, 
            145.2612, 
            180.095, 
            195.1402, 
            167.4827, 
            234.3989, 
            195.0946, 
            172.9681, 
            173.0504, 
            270.9781, 
            193.4923, 
            233.9508, 
            135.111, 
            209.8586, 
            207.9735, 
            186.5321, 
            195.1858, 
            129.9262, 
            152.5135, 
            208.4295, 
            175.3499, 
            186.9796, 
            102.1617, 
            173.5609, 
            173.0504, 
            130.291, 
            271.3657, 
            188.3932, 
            108.8639, 
            209.9954, 
            207.7683, 
            138.8876, 
            155.5894, 
            155.9495, 
            141.4591, 
            186.6461, 
            174.5747, 
            150.5223, 
            209.9498, 
            132.0621, 
            195.2681, 
            208.0647, 
            171.9648, 
            171.6908, 
            172.6717, 
            178.5459, 
            143.9113, 
            158.2953, 
            149.8839, 
            170.9601, 
            210.6338, 
            150.7503, 
            173.0137, 
            172.7628, 
            233.7456, 
            172.1928, 
            158.4549, 
            143.1133, 
            210.8618, 
            171.7909, 
            156.4511, 
            149.7699, 
            135.111, 
            156.1138, 
            195.5506, 
            172.7173, 
            233.814, 
            173.6065, 
            186.3269, 
            193.7387, 
            173.6749, 
            223.6961, 
            143.4325, 
            193.7795, 
            102.2668, 
            170.9006, 
            96.915, 
            156.3282, 
            187.5496, 
            193.4603, 
            210.7022, 
            195.4366, 
            210.2145, 
            150.4539, 
            171.4022, 
            149.7243, 
            96.117, 
            224.1521, 
            130.3604, 
            158.1585, 
            208.5711, 
            193.8888, 
            171.9876, 
            135.5075, 
            81.4214, 
            158.104, 
            123.3572, 
            130.5874, 
            156.3282, 
            145.4208, 
            131.7885, 
            186.6005, 
            128.6457, 
            143.8201, 
            193.1778, 
            168.9932, 
            109.1147, 
            156.2459, 
            156.1091, 
            208.2015, 
            172.6945, 
            143.0221, 
            178.5548, 
            170.7866, 
            135.0515, 
            223.4909, 
            149.6331, 
            181.0754, 
            135.1883, 
            175.3499, 
            192.6344, 
            180.1178, 
            208.3611, 
            209.0451, 
            194.1624, 
            210.2462, 
            208.8903, 
            171.2198, 
            114.9342, 
            145.7038, 
            159.7334, 
            108.9095, 
            172.8769, 
            195.2681, 
            143.3185, 
            210.6338, 
            149.7471, 
            155.749, 
            186.2813, 
            137.6159, 
            150.0574, 
            231.3588, 
            171.9192, 
            233.2896, 
            166.8573, 
            144.0253, 
            156.2962, 
            180.0722, 
            233.2668, 
            207.9051, 
            180.6194, 
            187.7548, 
            210.0182, 
            151.9248, 
            173.0593, 
            150.0574, 
            173.4925, 
            270.6817, 
            165.0346, 
            186.4409, 
            165.3538, 
            170.6042, 
            115.3171, 
            255.886, 
            101.8881, 
            159.9019, 
            287.2707, 
            195.049, 
            155.7946, 
            195.733, 
            173.0504, 
            245.3932, 
            208.1242, 
            187.5724, 
            130.3594, 
            245.8948, 
            246.0405, 
            186.4637, 
            234.3989, 
            208.0875, 
            245.9404, 
            149.7927, 
            173.4013, 
            174.5747, 
            143.1133, 
            180.2774, 
            172.9453, 
            165.9238, 
            170.8094, 
            233.4264, 
            171.8736, 
            160.1299, 
            173.5153, 
            210.1322, 
            210.2145, 
            156.5879, 
            172.7629, 
            137.4107, 
            223.7645, 
            135.6443, 
            192.9131, 
            223.3997, 
            165.8326, 
            187.7092, 
            270.6133, 
            210.2462, 
            145.6582, 
            210.497, 
            270.4309, 
            137.6843, 
            128.4177, 
            181.2806, 
            173.2417, 
            141.5731, 
            129.991, 
            159.4003, 
            170.9601, 
            175.3499, 
            150.0574, 
            207.7227, 
            131.7429, 
            109.0601, 
            178.6232, 
            193.3463, 
            187.2214, 
            166.7433, 
            155.9951, 
            156.3646, 
            286.5094, 
            143.264, 
            173.0137, 
            159.6055, 
            233.4036, 
            287.2023, 
            207.9963, 
            171.6074, 
            208.3887, 
            208.6119, 
            127.9389, 
            193.296, 
            234.8639, 
            195.3454, 
            209.1183, 
            187.1392, 
            94.6015, 
            172.9681, 
            255.9633, 
            173.0365, 
            245.7491, 
            210.6794, 
            171.9961, 
            124.876, 
            173.0504, 
            193.2276, 
            192.2696, 
            207.6999, 
            210.2145, 
            135.0059, 
            173.7205, 
            134.8235, 
            158.4321, 
            171.2426, 
            109.0601, 
            180.4826, 
            173.0504, 
            193.7064, 
            271.1377, 
            187.2076, 
            173.4925, 
            209.9726, 
            186.6372, 
            187.0109, 
            193.1136, 
            158.104, 
            223.8012, 
            155.7718, 
            187.2214, 
            143.1589, 
            168.9615, 
            210.4742, 
            172.8541, 
            150.0574, 
            150.0663, 
            153.5084, 
            132.0531, 
            229.7479, 
            210.0182, 
            230.6064, 
            165.5134, 
            187.0109, 
            195.2681, 
            208.9093, 
            172.8313, 
            128.3176, 
            180.4142, 
            213.6247, 
            193.1364, 
            209.9726, 
            187.3073, 
            170.9234, 
            186.7601, 
            150.6591, 
            223.6049, 
            186.7373, 
            156.2687, 
            186.8285, 
            210.1094, 
            130.5884, 
            141.2311, 
            186.2129, 
            170.969, 
            108.9095, 
            270.7729, 
            173.0504, 
            233.5176, 
            178.6004, 
            245.9632, 
            207.7683, 
            210.2145, 
            210.4058, 
            180.2546, 
            208.3611, 
            173.9257, 
            157.9305, 
            128.5089, 
            210.0638, 
            233.6316, 
            178.8284, 
            208.585, 
            137.0687, 
            171.9876, 
            137.7755, 
            137.5298, 
            170.6726, 
            150.0207, 
            170.7638, 
            150.0663, 
            96.6642, 
            165.3082, 
            156.2278, 
            115.1622, 
            193.4923, 
            233.9736, 
            108.8867, 
            187.1021, 
            151.9974, 
            128.3176, 
            192.2924, 
            158.104, 
            173.0504, 
            223.7645, 
            102.4581, 
            193.5468, 
            174.6887, 
            208.3839, 
            143.5237, 
            180.3458, 
            156.0226, 
            149.7243, 
            156.0179, 
            230.5836, 
            209.4794, 
            134.9603
        ], 
        "x": [
            272.0, 
            191.0, 
            169.0, 
            87.0, 
            79.0, 
            175.0, 
            66.0, 
            231.0, 
            171.0, 
            127.0, 
            209.0, 
            132.0, 
            44.0, 
            197.0, 
            156.0, 
            145.0, 
            153.0, 
            75.0, 
            129.0, 
            230.0, 
            201.0, 
            409.0, 
            118.0, 
            132.0, 
            189.0, 
            132.0, 
            167.0, 
            134.0, 
            103.0, 
            143.0, 
            386.0, 
            286.0, 
            260.0, 
            211.0, 
            167.0, 
            224.0, 
            139.0, 
            134.0, 
            278.0, 
            201.0, 
            191.0, 
            170.0, 
            245.0, 
            265.0, 
            245.0, 
            202.0, 
            69.0, 
            151.0, 
            229.0, 
            219.0, 
            163.0, 
            166.0, 
            109.0, 
            170.0, 
            194.0, 
            183.0, 
            192.0, 
            101.0, 
            89.0, 
            222.0, 
            71.0, 
            191.0, 
            165.0, 
            311.0, 
            299.0, 
            245.0, 
            65.0, 
            179.0, 
            164.0, 
            179.0, 
            177.0, 
            172.0, 
            279.0, 
            228.0, 
            183.0, 
            81.0, 
            172.0, 
            326.0, 
            169.0, 
            333.0, 
            158.0, 
            246.0, 
            193.0, 
            107.0, 
            265.0, 
            191.0, 
            121.0, 
            187.0, 
            201.0, 
            252.0, 
            124.0, 
            180.0, 
            161.0, 
            136.0, 
            60.0, 
            145.0, 
            160.0, 
            76.0, 
            91.0, 
            107.0, 
            203.0, 
            125.0, 
            125.0, 
            133.0, 
            114.0, 
            193.0, 
            181.0, 
            63.0, 
            238.0, 
            167.0, 
            196.0, 
            219.0, 
            258.0, 
            293.0, 
            84.0, 
            107.0, 
            78.0, 
            196.0, 
            108.0, 
            189.0, 
            223.0, 
            368.0, 
            233.0, 
            334.0, 
            158.0, 
            144.0, 
            60.0, 
            155.0, 
            167.0, 
            166.0, 
            69.0, 
            45.0, 
            147.0, 
            95.0, 
            265.0, 
            94.0, 
            167.0, 
            306.0, 
            86.0, 
            192.0, 
            188.0, 
            240.0, 
            184.0, 
            145.0, 
            182.0, 
            101.0, 
            138.0, 
            141.0, 
            374.0, 
            251.0, 
            197.0, 
            219.0, 
            201.0, 
            136.0, 
            126.0, 
            172.0, 
            154.0, 
            268.0, 
            246.0, 
            97.0, 
            116.0, 
            230.0, 
            137.0, 
            259.0, 
            165.0, 
            171.0, 
            340.0, 
            133.0, 
            249.0, 
            175.0, 
            219.0, 
            210.0, 
            218.0, 
            85.0, 
            176.0, 
            197.0, 
            93.0, 
            176.0, 
            148.0, 
            97.0, 
            156.0, 
            120.0, 
            162.0, 
            109.0, 
            331.0, 
            230.0, 
            190.0, 
            231.0, 
            276.0, 
            263.0, 
            388.0, 
            147.0, 
            246.0, 
            205.0, 
            200.0, 
            227.0, 
            164.0, 
            263.0, 
            66.0, 
            183.0, 
            115.0, 
            254.0, 
            275.0, 
            91.0, 
            193.0, 
            145.0, 
            138.0, 
            193.0, 
            198.0, 
            87.0, 
            210.0, 
            259.0, 
            195.0, 
            212.0, 
            254.0, 
            123.0, 
            182.0, 
            235.0, 
            133.0, 
            130.0, 
            198.0, 
            224.0, 
            151.0, 
            201.0, 
            127.0, 
            73.0, 
            124.0, 
            219.0, 
            171.0, 
            128.0, 
            240.0, 
            204.0, 
            151.0, 
            188.0, 
            174.0, 
            123.0, 
            161.0, 
            150.0, 
            253.0, 
            67.0, 
            144.0, 
            153.0, 
            157.0, 
            166.0, 
            178.0, 
            247.0, 
            165.0, 
            215.0, 
            190.0, 
            196.0, 
            198.0, 
            248.0, 
            193.0, 
            91.0, 
            166.0, 
            238.0, 
            88.0, 
            166.0, 
            184.0, 
            100.0, 
            280.0, 
            221.0, 
            167.0, 
            220.0, 
            129.0, 
            152.0, 
            79.0, 
            186.0, 
            221.0, 
            95.0, 
            255.0, 
            156.0, 
            119.0, 
            203.0, 
            149.0, 
            201.0, 
            174.0, 
            215.0, 
            256.0, 
            88.0, 
            143.0, 
            267.0, 
            249.0, 
            339.0, 
            379.0, 
            107.0, 
            233.0, 
            132.0, 
            141.0, 
            92.0, 
            152.0, 
            62.0, 
            126.0, 
            156.0, 
            230.0, 
            151.0, 
            156.0, 
            168.0, 
            176.0, 
            82.0, 
            215.0, 
            100.0, 
            119.0, 
            209.0, 
            120.0, 
            234.0, 
            168.0, 
            114.0, 
            339.0, 
            205.0, 
            122.0, 
            187.0, 
            62.0, 
            149.0, 
            157.0, 
            127.0, 
            148.0, 
            174.0, 
            201.0, 
            250.0, 
            261.0, 
            114.0, 
            180.0, 
            146.0, 
            262.0, 
            167.0, 
            185.0, 
            187.0, 
            99.0, 
            160.0, 
            205.0, 
            119.0, 
            268.0, 
            187.0, 
            147.0, 
            192.0, 
            163.0, 
            340.0, 
            176.0, 
            135.0, 
            72.0, 
            61.0, 
            189.0, 
            198.0, 
            184.0, 
            205.0, 
            110.0, 
            157.0, 
            159.0, 
            96.0, 
            152.0, 
            176.0, 
            152.0, 
            178.0, 
            200.0, 
            141.0, 
            236.0, 
            228.0, 
            161.0, 
            239.0, 
            209.0, 
            145.0, 
            187.0, 
            234.0, 
            166.0, 
            165.0, 
            86.0, 
            88.0, 
            218.0, 
            248.0, 
            213.0, 
            125.0, 
            74.0, 
            132.0, 
            169.0, 
            560.0, 
            83.0, 
            187.0, 
            174.0, 
            175.0, 
            203.0, 
            233.0, 
            149.0, 
            199.0, 
            146.0, 
            137.0, 
            76.0, 
            129.0, 
            244.0, 
            81.0, 
            191.0, 
            105.0, 
            106.0, 
            238.0, 
            114.0, 
            111.0, 
            208.0, 
            199.0, 
            175.0, 
            130.0, 
            211.0, 
            214.0, 
            216.0, 
            128.0, 
            111.0, 
            185.0, 
            110.0, 
            123.0, 
            191.0, 
            289.0, 
            266.0, 
            115.0, 
            217.0, 
            88.0, 
            231.0, 
            172.0, 
            121.0, 
            152.0, 
            271.0, 
            214.0, 
            195.0, 
            92.0, 
            275.0, 
            176.0, 
            223.0, 
            184.0, 
            211.0, 
            180.0, 
            263.0, 
            188.0, 
            328.0, 
            198.0, 
            72.0, 
            153.0, 
            145.0, 
            165.0, 
            182.0, 
            180.0, 
            184.0, 
            166.0, 
            210.0, 
            65.0, 
            244.0, 
            274.0, 
            183.0, 
            230.0, 
            233.0, 
            193.0, 
            222.0, 
            215.0, 
            284.0, 
            151.0, 
            111.0, 
            199.0, 
            148.0, 
            171.0, 
            180.0, 
            167.0, 
            317.0, 
            123.0, 
            144.0, 
            110.0, 
            211.0, 
            132.0, 
            145.0, 
            192.0, 
            93.0, 
            244.0, 
            410.0, 
            179.0, 
            133.0, 
            67.0, 
            340.0, 
            154.0, 
            146.0, 
            217.0, 
            159.0, 
            142.0, 
            218.0, 
            77.0, 
            115.0, 
            43.0, 
            206.0, 
            283.0, 
            230.0, 
            189.0, 
            204.0, 
            263.0, 
            71.0, 
            144.0, 
            85.0, 
            134.0, 
            177.0, 
            211.0, 
            63.0, 
            95.0, 
            230.0, 
            72.0, 
            196.0, 
            194.0, 
            187.0, 
            163.0, 
            94.0, 
            211.0, 
            169.0, 
            97.0, 
            114.0, 
            71.0, 
            197.0, 
            153.0, 
            161.0, 
            220.0, 
            214.0, 
            72.0, 
            357.0, 
            196.0, 
            184.0, 
            330.0, 
            180.0, 
            215.0, 
            266.0, 
            175.0, 
            247.0, 
            165.0, 
            281.0, 
            211.0, 
            219.0, 
            230.0, 
            154.0, 
            254.0, 
            220.0, 
            159.0, 
            154.0, 
            449.0, 
            148.0, 
            163.0, 
            162.0, 
            187.0, 
            374.0, 
            198.0, 
            120.0, 
            97.0, 
            122.0, 
            192.0, 
            157.0, 
            298.0, 
            186.0, 
            181.0, 
            144.0, 
            162.0, 
            74.0, 
            302.0, 
            332.0, 
            215.0, 
            139.0, 
            160.0, 
            167.0, 
            169.0, 
            66.0, 
            177.0, 
            138.0, 
            225.0, 
            160.0, 
            182.0, 
            178.0, 
            97.0, 
            182.0, 
            79.0, 
            168.0, 
            178.0, 
            127.0, 
            127.0, 
            272.0, 
            125.0, 
            134.0, 
            83.0, 
            208.0, 
            251.0, 
            148.0, 
            273.0, 
            68.0, 
            166.0, 
            175.0, 
            198.0, 
            227.0, 
            166.0, 
            127.0, 
            122.0, 
            138.0, 
            77.0, 
            201.0, 
            34.0, 
            155.0, 
            234.0, 
            292.0, 
            167.0, 
            164.0, 
            155.0, 
            126.0, 
            167.0, 
            155.0, 
            230.0, 
            165.0, 
            240.0, 
            250.0, 
            206.0, 
            121.0, 
            131.0, 
            211.0, 
            227.0, 
            212.0, 
            114.0, 
            254.0, 
            276.0, 
            186.0, 
            182.0, 
            206.0, 
            225.0, 
            201.0, 
            110.0, 
            173.0, 
            232.0, 
            204.0, 
            212.0, 
            110.0, 
            188.0, 
            68.0, 
            154.0, 
            162.0, 
            217.0, 
            202.0, 
            138.0, 
            234.0, 
            166.0, 
            131.0, 
            222.0, 
            231.0, 
            112.0, 
            202.0, 
            179.0, 
            133.0, 
            231.0, 
            175.0, 
            79.0, 
            161.0, 
            366.0, 
            144.0, 
            308.0, 
            123.0, 
            192.0, 
            235.0, 
            149.0, 
            169.0, 
            95.0, 
            123.0, 
            156.0, 
            217.0, 
            246.0, 
            67.0, 
            262.0, 
            164.0, 
            286.0, 
            549.0, 
            145.0, 
            80.0, 
            280.0, 
            242.0, 
            90.0, 
            142.0, 
            175.0, 
            120.0, 
            200.0, 
            179.0, 
            168.0, 
            291.0, 
            97.0, 
            166.0, 
            201.0, 
            164.0, 
            169.0, 
            211.0, 
            141.0, 
            221.0, 
            161.0, 
            179.0, 
            143.0, 
            266.0, 
            210.0, 
            179.0, 
            171.0, 
            262.0, 
            146.0, 
            140.0, 
            112.0, 
            292.0, 
            165.0, 
            144.0, 
            195.0, 
            128.0, 
            109.0, 
            202.0, 
            111.0, 
            314.0, 
            181.0, 
            314.0, 
            185.0, 
            219.0, 
            231.0, 
            110.0, 
            192.0, 
            65.0, 
            187.0, 
            78.0, 
            95.0, 
            243.0, 
            192.0, 
            319.0, 
            177.0, 
            117.0, 
            217.0, 
            148.0, 
            145.0, 
            61.0, 
            357.0, 
            111.0, 
            154.0, 
            154.0, 
            280.0, 
            162.0, 
            146.0, 
            56.0, 
            154.0, 
            40.0, 
            106.0, 
            140.0, 
            106.0, 
            92.0, 
            133.0, 
            152.0, 
            198.0, 
            164.0, 
            109.0, 
            71.0, 
            81.0, 
            68.0, 
            210.0, 
            222.0, 
            117.0, 
            154.0, 
            82.0, 
            117.0, 
            279.0, 
            122.0, 
            216.0, 
            126.0, 
            259.0, 
            166.0, 
            221.0, 
            223.0, 
            210.0, 
            268.0, 
            193.0, 
            248.0, 
            174.0, 
            87.0, 
            93.0, 
            130.0, 
            79.0, 
            172.0, 
            164.0, 
            116.0, 
            271.0, 
            87.0, 
            228.0, 
            262.0, 
            134.0, 
            165.0, 
            226.0, 
            138.0, 
            266.0, 
            102.0, 
            122.0, 
            260.0, 
            188.0, 
            266.0, 
            270.0, 
            205.0, 
            239.0, 
            263.0, 
            96.0, 
            175.0, 
            125.0, 
            98.0, 
            387.0, 
            135.0, 
            209.0, 
            142.0, 
            183.0, 
            80.0, 
            238.0, 
            68.0, 
            149.0, 
            369.0, 
            185.0, 
            148.0, 
            217.0, 
            166.0, 
            258.0, 
            188.0, 
            250.0, 
            261.0, 
            223.0, 
            201.0, 
            204.0, 
            174.0, 
            177.0, 
            263.0, 
            79.0, 
            253.0, 
            183.0, 
            186.0, 
            202.0, 
            181.0, 
            173.0, 
            141.0, 
            180.0, 
            152.0, 
            156.0, 
            85.0, 
            164.0, 
            187.0, 
            184.0, 
            242.0, 
            163.0, 
            114.0, 
            157.0, 
            183.0, 
            254.0, 
            149.0, 
            286.0, 
            378.0, 
            181.0, 
            98.0, 
            262.0, 
            227.0, 
            98.0, 
            117.0, 
            213.0, 
            215.0, 
            81.0, 
            47.0, 
            152.0, 
            173.0, 
            65.0, 
            125.0, 
            216.0, 
            107.0, 
            142.0, 
            151.0, 
            173.0, 
            160.0, 
            108.0, 
            174.0, 
            186.0, 
            265.0, 
            128.0, 
            139.0, 
            145.0, 
            373.0, 
            379.0, 
            224.0, 
            265.0, 
            261.0, 
            315.0, 
            130.0, 
            230.0, 
            149.0, 
            168.0, 
            175.0, 
            147.0, 
            73.0, 
            144.0, 
            259.0, 
            158.0, 
            220.0, 
            323.0, 
            206.0, 
            176.0, 
            167.0, 
            208.0, 
            167.0, 
            193.0, 
            190.0, 
            131.0, 
            116.0, 
            98.0, 
            166.0, 
            169.0, 
            163.0, 
            162.0, 
            166.0, 
            221.0, 
            402.0, 
            166.0, 
            213.0, 
            267.0, 
            260.0, 
            263.0, 
            195.0, 
            83.0, 
            218.0, 
            175.0, 
            160.0, 
            123.0, 
            101.0, 
            266.0, 
            241.0, 
            131.0, 
            143.0, 
            74.0, 
            92.0, 
            193.0, 
            260.0, 
            214.0, 
            142.0, 
            247.0, 
            166.0, 
            187.0, 
            227.0, 
            82.0, 
            168.0, 
            131.0, 
            221.0, 
            245.0, 
            194.0, 
            154.0, 
            214.0, 
            171.0, 
            319.0, 
            222.0, 
            154.0, 
            91.0, 
            227.0, 
            105.0, 
            147.0, 
            127.0, 
            172.0, 
            81.0, 
            287.0, 
            163.0, 
            191.0, 
            154.0, 
            277.0, 
            198.0, 
            180.0, 
            250.0, 
            124.0, 
            246.0, 
            128.0, 
            168.0, 
            140.0, 
            246.0, 
            291.0, 
            165.0, 
            194.0, 
            72.0, 
            175.0, 
            201.0, 
            85.0, 
            206.0, 
            138.0, 
            138.0, 
            149.0, 
            129.0, 
            160.0, 
            149.0, 
            89.0, 
            137.0, 
            371.0, 
            82.0, 
            219.0, 
            100.0, 
            110.0, 
            173.0, 
            143.0, 
            162.0, 
            242.0, 
            72.0, 
            169.0, 
            162.0, 
            246.0, 
            162.0, 
            166.0, 
            75.0, 
            175.0, 
            102.0, 
            213.0, 
            377.0, 
            131.0
        ]
    }, 
    "regression_performance": {
        "max_error": 116.2268181392316, 
        "median_error": -5.102729134924147, 
        "error_distribution": [
            {
                "count": 315, 
                "bin_max": -65.926697705077629, 
                "bin_id": 0, 
                "bin_min": -86.368370038716776
            }, 
            {
                "count": 368, 
                "bin_max": -45.687418166821054, 
                "bin_id": 1, 
                "bin_min": -65.926697705077629
            }, 
            {
                "count": 967, 
                "bin_max": -25.448138628564479, 
                "bin_id": 2, 
                "bin_min": -45.687418166821054
            }, 
            {
                "count": 1321, 
                "bin_max": -5.2088590903078966, 
                "bin_id": 3, 
                "bin_min": -25.448138628564479
            }, 
            {
                "count": 1024, 
                "bin_max": 15.030420447948686, 
                "bin_id": 4, 
                "bin_min": -5.2088590903078966
            }, 
            {
                "count": 736, 
                "bin_max": 35.269699986205254, 
                "bin_id": 5, 
                "bin_min": 15.030420447948686
            }, 
            {
                "count": 492, 
                "bin_max": 55.50897952446185, 
                "bin_id": 6, 
                "bin_min": 35.269699986205254
            }, 
            {
                "count": 332, 
                "bin_max": 75.748259062718418, 
                "bin_id": 7, 
                "bin_min": 55.50897952446185
            }, 
            {
                "count": 190, 
                "bin_max": 95.987538600974986, 
                "bin_id": 8, 
                "bin_min": 75.748259062718418
            }, 
            {
                "count": 211, 
                "bin_max": 116.2268181392316, 
                "bin_id": 9, 
                "bin_min": 95.987538600974986
            }
        ], 
        "min_error": -86.165977243334211, 
        "average_error": 1.260368488427964, 
        "std_error": 44.1933978472402, 
        "p75_error": 27.117445143271887, 
        "p90_error": 62.811684734768193, 
        "p25_error": -27.585304518159248
    }
}