{
    "trainingTime": 1108, 
    "state": "DONE", 
    "startTime": 1468945837303, 
    "preprocessingTime": 254, 
    "progress": {
        "top_level_todo": [], 
        "stack": [], 
        "top_level_done": [
            {
                "name": "Loading train set", 
                "time": 58
            }, 
            {
                "name": "Loading test set", 
                "time": 15
            }, 
            {
                "name": "Collecting statistics", 
                "time": 27
            }, 
            {
                "name": "Preprocessing train set", 
                "time": 93
            }, 
            {
                "name": "Preprocessing test set", 
                "time": 57
            }, 
            {
                "name": "Fitting model", 
                "time": 655
            }, 
            {
                "name": "Saving model", 
                "time": 2
            }, 
            {
                "name": "Scoring model", 
                "time": 447
            }
        ]
    }, 
    "endTime": 1468945838665, 
    "modelId": "NA"
}