{
    "taskType": "PREDICTION", 
    "backendType": "PY_MEMORY", 
    "target_variable": "revenue", 
    "executionParams": {
        "sparkCheckpoint": "NONE", 
        "containerSelection": {
            "containerMode": "INHERIT"
        }, 
        "sparkParams": {
            "pipelineAllowStart": null, 
            "sparkPreparedDFStorageLevel": null, 
            "sparkConf": null, 
            "sparkRepartitionNonHDFS": null, 
            "pipelineAllowMerge": null
        }, 
        "envSelection": {}
    }, 
    "prediction_type": "REGRESSION"
}