{
  "steps": [
    {
      "type": "GeoIPResolver",
      "params": {
        "inCol": "ip",
        "outColPrefix": "ip_",
        "extract_country": true,
        "extract_countrycode": false,
        "extract_region": false,
        "extract_city": false,
        "extract_postalcode": false,
        "extract_latlng": false,
        "extract_timezone": false,
        "extract_continentcode": false,
        "extract_geopoint": false,
        "extract_countrycode3": false
      },
      "preview": false,
      "disabled": false
    }
  ],
  "tags": [],
  "explorationSampling": {
    "selection": {
      "samplingMethod": "HEAD_SEQUENTIAL",
      "partitionSelectionMethod": "ALL",
      "maxRecords": 30000,
      "targetRatio": 0.02
    },
    "autoRefreshSample": false,
    "_refreshTrigger": 1
  },
  "vizSampling": {
    "autoRefreshSample": false,
    "_refreshTrigger": 0
  },
  "exploreUIParams": {
    "autoRefresh": true
  },
  "explorationFilters": [
    {
      "type": "global_search",
      "$$hashKey": "2AO"
    }
  ],
  "charts": [],
  "chartsEngine": "LINO"
}