{
  "steps": [
    {
      "type": "GeoIPResolver",
      "params": {
        "inCol": "ip",
        "outColPrefix": "ip_",
        "extract_country": true,
        "extract_countrycode": false,
        "extract_region": false,
        "extract_city": false,
        "extract_postalcode": false,
        "extract_latlng": false,
        "extract_timezone": false,
        "extract_continentcode": false,
        "extract_geopoint": false,
        "extract_countrycode3": false
      },
      "metaType": "PROCESSOR",
      "preview": false,
      "disabled": false,
      "alwaysShowComment": false
    }
  ],
  "maxProcessedMemTableBytes": -1,
  "columnsSelection": {
    "mode": "ALL"
  },
  "coloring": {
    "scheme": "MEANING_AND_STATUS",
    "individualColumns": [],
    "valueColoringMode": "HASH"
  },
  "sorting": [],
  "analysisColumnData": {},
  "explorationSampling": {
    "selection": {
      "maxStoredBytes": -1,
      "filter": {
        "distinct": false,
        "enabled": false
      },
      "partitionSelectionMethod": "ALL",
      "latestPartitionsN": 1,
      "samplingMethod": "HEAD_SEQUENTIAL",
      "maxRecords": 30000,
      "targetRatio": 0.02,
      "withinFirstN": -1,
      "maxReadUncompressedBytes": -1
    },
    "autoRefreshSample": false,
    "_refreshTrigger": 2
  },
  "vizSampling": {
    "autoRefreshSample": false,
    "_refreshTrigger": 0
  },
  "exploreUIParams": {
    "autoRefresh": true
  },
  "globalSearchQuery": "",
  "explorationFilters": [],
  "previewMode": "ALL_ROWS"
}