{
    "modelInputNRows": 23843, 
    "modelInputIsSparse": false, 
    "modelInputMemory": 21744816, 
    "modelInputNCols": 114, 
    "rawImportance": {
        "variables": [
            "age", 
            "pages_visited", 
            "price_first_item_purchased", 
            "dummy:gender:F", 
            "dummy:gender:M", 
            "dummy:campain:False", 
            "dummy:campain:True", 
            "dummy:ip_country:United States", 
            "dummy:ip_country:China", 
            "dummy:ip_country:Japan", 
            "dummy:ip_country:Germany", 
            "dummy:ip_country:United Kingdom", 
            "dummy:ip_country:South Korea", 
            "dummy:ip_country:France", 
            "dummy:ip_country:Canada", 
            "dummy:ip_country:Brazil", 
            "dummy:ip_country:Netherlands", 
            "dummy:ip_country:Italy", 
            "dummy:ip_country:Australia", 
            "dummy:ip_country:Russia", 
            "dummy:ip_country:India", 
            "dummy:ip_country:South Africa", 
            "dummy:ip_country:Sweden", 
            "dummy:ip_country:Spain", 
            "dummy:ip_country:Mexico", 
            "dummy:ip_country:Switzerland", 
            "dummy:ip_country:Taiwan", 
            "dummy:ip_country:Norway", 
            "dummy:ip_country:Finland", 
            "dummy:ip_country:Ukraine", 
            "dummy:ip_country:Vietnam", 
            "dummy:ip_country:Indonesia"
        ], 
        "importances": [
            0.14653211511724956, 
            0.017634326499897896, 
            0.38088477989447994, 
            0.009654755434948994, 
            0.00914120167305705, 
            0.03334540568248039, 
            0.03644456785159511, 
            0.23681644198575175, 
            0.08079424480765718, 
            0.003395385810631608, 
            0.002853595565114049, 
            0.0017393148664039699, 
            0.0006203785555717511, 
            0.0011234633144299427, 
            0.0019933996187731628, 
            0.011995483398749682, 
            0.0007656108732309568, 
            0.0002672766294789177, 
            0.0006315964117208238, 
            0.00012069246408893062, 
            0.019405494273925936, 
            0.0024562426606821865, 
            0.0003097367788103493, 
            1.4392997928544308e-05, 
            0.00012258569263407385, 
            8.438396097104102e-05, 
            5.9001858854118554e-05, 
            9.745921257605367e-06, 
            6.241204580861497e-06, 
            0.00032057155464144715, 
            0.00017884748701130644, 
            0.00027871915339079635
        ]
    }
}