{
    "metrics": {
        "pearson": 0.87958511634086056, 
        "r2": 0.7734982955771541, 
        "rmse": 32.7744571597199, 
        "mape": 0.14558357794638505, 
        "mae": 20.593983294407892, 
        "mse": 1074.1650421143152, 
        "evs": 0.77355360908561077, 
        "rmsle": 0.21509018840710467
    }, 
    "scatterPlotData": {
        "y": [
            150.9368, 
            264.4816, 
            187.0393, 
            213.632, 
            187.5687, 
            100.7899, 
            140.3853, 
            175.701, 
            177.0749, 
            103.6886, 
            212.5882, 
            159.3005, 
            165.1755, 
            130.8702, 
            223.5227, 
            256.3949, 
            271.8139, 
            142.121, 
            111.4994, 
            235.9209, 
            135.8372, 
            149.2845, 
            376.7414, 
            217.6976, 
            130.8674, 
            236.7648, 
            173.3431, 
            132.0773, 
            238.1107, 
            191.2538, 
            211.7577, 
            119.1669, 
            145.1652, 
            148.4603, 
            118.4741, 
            47.7862, 
            162.5703, 
            116.9873, 
            137.3433, 
            81.929, 
            163.1417, 
            256.3949, 
            324.5483, 
            172.7691, 
            112.9894, 
            234.8492, 
            119.4678, 
            320.5706, 
            276.8431, 
            234.8728, 
            77.6272, 
            117.3263, 
            140.8126, 
            247.7878, 
            299.9035, 
            269.7787, 
            165.5206, 
            159.5902, 
            167.7937, 
            306.7387, 
            302.0477, 
            197.405, 
            82.6816, 
            242.6296, 
            152.7036, 
            189.4312, 
            239.0137, 
            216.3806, 
            149.665, 
            246.7616, 
            181.2372, 
            72.8108, 
            161.2417, 
            207.7121, 
            129.1494, 
            224.738, 
            74.0656, 
            159.8075, 
            170.9999, 
            81.1001, 
            127.7416, 
            148.0052, 
            345.252, 
            231.5115, 
            119.8046, 
            86.8749, 
            154.9006, 
            191.9036, 
            233.3841, 
            153.8705, 
            328.5552, 
            207.9011, 
            201.9413, 
            165.083, 
            86.7143, 
            259.3563, 
            171.0678, 
            213.8314, 
            153.6463, 
            172.4417, 
            106.0504, 
            165.1229, 
            148.835, 
            165.0109, 
            121.6299, 
            178.7415, 
            187.5687, 
            156.6469, 
            159.9111, 
            169.749, 
            167.3377, 
            151.5939, 
            153.0885, 
            301.2224, 
            142.633, 
            217.9675, 
            132.2376, 
            145.8508, 
            297.8731, 
            207.7693, 
            195.7783, 
            317.3346, 
            143.4581, 
            150.1281, 
            154.2661, 
            150.539, 
            213.4457, 
            165.0068, 
            151.892, 
            163.1535, 
            161.5058, 
            225.5003, 
            106.0178, 
            162.55, 
            204.6748, 
            189.0757, 
            125.8652, 
            171.2107, 
            180.0653, 
            152.355, 
            228.4086, 
            165.6748, 
            350.7581, 
            252.934, 
            197.168, 
            131.3363, 
            129.5211, 
            192.7476, 
            132.0912, 
            164.3229, 
            245.2863, 
            109.3273, 
            166.5537, 
            119.909, 
            142.9064, 
            130.6242, 
            238.3671, 
            175.5555, 
            74.5223, 
            228.5192, 
            154.474, 
            137.4822, 
            180.1836, 
            315.4161, 
            146.56, 
            99.96, 
            324.9507, 
            166.3646, 
            151.2804, 
            211.8133, 
            161.0012, 
            143.3938, 
            153.007, 
            159.442, 
            319.9678, 
            297.1533, 
            73.1101, 
            151.4456, 
            167.9873, 
            189.4567, 
            163.1799, 
            146.188, 
            176.8124, 
            154.8091, 
            167.5928, 
            194.0566, 
            122.6688, 
            173.6401, 
            171.5969, 
            218.8266, 
            206.9667, 
            233.2395, 
            289.0903, 
            195.9305, 
            211.343, 
            212.5341, 
            178.007, 
            184.7289, 
            146.3492, 
            171.2723, 
            98.4795, 
            164.826, 
            151.7532, 
            80.3249, 
            139.0438, 
            251.6488, 
            226.6252, 
            206.4605, 
            178.1722, 
            183.0649, 
            139.5663, 
            245.5279, 
            224.8843, 
            90.5429, 
            148.3235, 
            149.8217, 
            130.3001, 
            128.0332, 
            162.7931, 
            174.6035, 
            307.6338, 
            307.0865, 
            409.4323, 
            182.4682, 
            193.1101, 
            181.5465, 
            253.8729, 
            188.8363, 
            135.4501, 
            90.9877, 
            176.7951, 
            129.114, 
            130.7026, 
            159.8634, 
            83.5839, 
            212.9379, 
            322.341, 
            171.5039, 
            172.6164, 
            155.2039, 
            227.8554, 
            67.9616, 
            182.5051, 
            172.7834, 
            174.3609, 
            92.9755, 
            129.9374, 
            117.4424, 
            151.3246, 
            104.2983, 
            168.0919, 
            269.7024, 
            205.4659, 
            141.159, 
            91.6632, 
            102.164, 
            91.2271, 
            223.3958, 
            194.198, 
            118.7055, 
            272.3166, 
            87.486, 
            143.6295, 
            206.0039, 
            167.7685, 
            159.6425, 
            176.0449, 
            224.6387, 
            165.8583, 
            96.2387, 
            151.4485, 
            119.0445, 
            156.0731, 
            77.892, 
            171.0678, 
            79.2825, 
            297.1166, 
            260.9024, 
            162.9325, 
            150.1874, 
            248.8729, 
            153.2042, 
            81.1723, 
            188.8047, 
            114.5582, 
            191.2776, 
            72.969, 
            123.5976, 
            130.6823, 
            124.1872, 
            115.3789, 
            132.2581, 
            209.6327, 
            47.5662, 
            231.322, 
            142.1715, 
            144.7006, 
            162.5289, 
            134.098, 
            175.7162, 
            138.0252, 
            278.008, 
            189.3726, 
            157.5099, 
            114.5236, 
            99.0964, 
            159.0403, 
            126.1639, 
            228.1262, 
            226.0176, 
            111.4494, 
            148.9833, 
            159.1252, 
            160.2894, 
            170.0589, 
            98.6247, 
            180.6754, 
            200.8097, 
            110.5237, 
            153.7662, 
            173.085, 
            123.2192, 
            278.4839, 
            241.8818, 
            195.4863, 
            180.4247, 
            220.4597, 
            253.1989, 
            154.7624, 
            254.6842, 
            171.4196, 
            138.3812, 
            323.8585, 
            131.2726, 
            264.2356, 
            202.7279, 
            132.619, 
            132.048, 
            407.884, 
            128.7128, 
            74.6814, 
            115.5356, 
            282.0623, 
            153.085, 
            147.2988, 
            300.3381, 
            183.299, 
            154.6751, 
            193.8955, 
            134.7171, 
            200.0372, 
            134.6992, 
            293.4596, 
            303.2442, 
            312.9378, 
            233.5751, 
            137.6512, 
            150.6079, 
            158.738, 
            184.2002, 
            178.4593, 
            118.4093, 
            79.0873, 
            302.2004, 
            152.5103, 
            165.4283, 
            129.4092, 
            138.623, 
            189.9863, 
            166.9567, 
            208.1114, 
            205.5712, 
            162.9874, 
            109.5976, 
            191.2773, 
            184.5093, 
            138.1168, 
            72.9898, 
            57.8089, 
            96.2732, 
            148.1206, 
            163.8064, 
            143.9011, 
            189.1521, 
            73.3083, 
            130.5556, 
            149.599, 
            237.9116, 
            160.5675, 
            117.6605, 
            198.9132, 
            174.3429, 
            170.2958, 
            239.987, 
            200.2199, 
            180.5294, 
            179.7213, 
            126.7551, 
            174.4738, 
            62.3215, 
            224.0117, 
            189.0869, 
            175.0425, 
            87.0246, 
            163.2162, 
            154.4706, 
            112.3208, 
            173.5173, 
            224.7849, 
            257.4021, 
            211.0277, 
            274.4073, 
            185.8972, 
            127.9229, 
            154.9513, 
            243.4823, 
            143.3881, 
            186.3976, 
            150.2671, 
            170.0029, 
            274.8542, 
            229.4791, 
            163.8638, 
            149.2696, 
            172.9186, 
            170.917, 
            151.3134, 
            224.5879, 
            169.1892, 
            271.8139, 
            183.2146, 
            131.7236, 
            189.5077, 
            171.1338, 
            183.3837, 
            130.9487, 
            302.6834, 
            171.5969, 
            71.8625, 
            83.253, 
            175.8721, 
            231.234, 
            127.965, 
            163.6697, 
            118.5396, 
            163.8963, 
            134.0009, 
            72.8529, 
            195.986, 
            168.2835, 
            106.7537, 
            145.5973, 
            107.7545, 
            102.164, 
            85.6883, 
            261.9886, 
            226.1175, 
            187.2422, 
            239.6364, 
            88.6444, 
            205.4979, 
            213.247, 
            91.3942, 
            181.8596, 
            89.4958, 
            181.3374, 
            108.2688, 
            134.256, 
            318.3675, 
            124.9094, 
            206.1584, 
            76.7924, 
            278.9167, 
            216.5021, 
            150.4871, 
            73.785, 
            225.2523, 
            87.0246, 
            112.6698, 
            162.0915, 
            207.4163, 
            258.2082, 
            159.0369, 
            144.9512, 
            164.1181, 
            181.8596, 
            199.8908, 
            160.6392, 
            222.271, 
            146.1654, 
            151.5569, 
            175.2198, 
            99.5589, 
            122.4617, 
            98.5974, 
            116.3694, 
            130.489, 
            102.164, 
            220.0261, 
            148.5467, 
            173.768, 
            154.3853, 
            199.2681, 
            112.2708, 
            263.1082, 
            220.3814, 
            233.9927, 
            128.0186, 
            144.4019, 
            155.6163, 
            433.8232, 
            228.4278, 
            238.0061, 
            165.4283, 
            329.6569, 
            124.9282, 
            212.6846, 
            273.4755, 
            81.5896, 
            197.474, 
            227.4846, 
            297.5947, 
            159.1252, 
            271.5987, 
            107.688, 
            154.9513, 
            118.6703, 
            188.702, 
            217.8035, 
            80.4364, 
            206.4755, 
            177.261, 
            322.273, 
            256.3949, 
            99.1623, 
            77.4082, 
            169.8239, 
            301.5884, 
            138.101, 
            202.425, 
            166.5812, 
            174.9119, 
            170.1053, 
            307.0158, 
            155.5895, 
            107.7545, 
            333.7743, 
            153.8374, 
            249.5852, 
            191.7645, 
            146.5633, 
            148.1913, 
            149.5076, 
            131.5193, 
            108.204, 
            224.7849, 
            248.6849, 
            78.643, 
            240.7489, 
            257.2998, 
            195.7436, 
            168.8375, 
            220.4597, 
            242.2446, 
            194.3471, 
            139.0843, 
            164.2834, 
            170.7551, 
            90.0081, 
            163.6881, 
            174.177, 
            202.4615, 
            160.2351, 
            219.5006, 
            227.4906, 
            201.9413, 
            125.2603, 
            299.9, 
            170.485, 
            203.6813, 
            180.5294, 
            110.6909, 
            190.8627, 
            107.4208, 
            163.4166, 
            212.3069, 
            201.7272, 
            179.9974, 
            126.0847, 
            236.2445, 
            291.2532, 
            159.8995, 
            136.8648, 
            153.0078, 
            167.3756, 
            195.7788, 
            162.7512, 
            251.7954, 
            111.5402, 
            201.8525, 
            205.6293, 
            121.3286, 
            257.1064, 
            322.273, 
            134.5871, 
            216.0857, 
            257.4021, 
            212.6388, 
            235.4238, 
            72.0734, 
            116.0603, 
            175.8629, 
            185.9188, 
            189.3464, 
            310.6896, 
            273.4503, 
            143.4302, 
            127.9295, 
            176.6, 
            225.9999, 
            76.8838, 
            123.2221, 
            182.5371, 
            107.769, 
            145.9284, 
            129.5023, 
            173.6401, 
            187.7203, 
            265.341, 
            181.9744, 
            144.5612, 
            102.6836, 
            131.6463, 
            186.4008, 
            127.4273, 
            151.3246, 
            430.6461, 
            382.1206, 
            272.9204, 
            199.8066, 
            145.3774, 
            183.1862, 
            234.7249, 
            185.1595, 
            321.0014, 
            209.4016, 
            144.9232, 
            101.5651, 
            164.0519, 
            119.6211, 
            202.4577, 
            135.4212, 
            302.1094, 
            229.0768, 
            263.6804, 
            431.9957, 
            220.8632, 
            146.6999, 
            141.5955, 
            212.3754, 
            214.4183, 
            177.3458, 
            192.1822, 
            120.0168, 
            297.8538, 
            200.0202, 
            179.1777, 
            118.3017, 
            127.6693, 
            98.4122, 
            187.719, 
            188.6974, 
            188.5235, 
            108.3607, 
            158.6548, 
            106.9105, 
            196.7698, 
            148.1797, 
            165.6883, 
            170.0619, 
            114.4359, 
            181.7977, 
            205.7429, 
            145.5259, 
            76.6156, 
            109.7407, 
            278.965, 
            235.0693, 
            203.0708, 
            192.8534, 
            201.4762, 
            252.0268, 
            181.3875, 
            293.8344, 
            290.681, 
            205.4979, 
            118.145, 
            347.895, 
            190.5133, 
            147.3769, 
            182.9506, 
            214.0888, 
            348.7955, 
            123.5775, 
            229.3433, 
            97.9862, 
            253.5708, 
            254.1032, 
            127.5388, 
            233.52, 
            253.5559, 
            125.4559, 
            209.8797, 
            152.8739, 
            178.6444, 
            221.7001, 
            222.3422, 
            145.6186, 
            137.5014, 
            177.0267, 
            247.5157, 
            210.9547, 
            182.252, 
            335.4513, 
            90.432, 
            350.7581, 
            400.9569, 
            114.3674, 
            150.5139, 
            74.2584, 
            143.6664, 
            176.9671, 
            205.6955, 
            294.6825, 
            147.4055, 
            274.6509, 
            160.0584, 
            172.1254, 
            329.0918, 
            212.0382, 
            133.1417, 
            203.6948, 
            202.5935, 
            145.7399, 
            297.8872, 
            234.8558, 
            147.0003, 
            152.5494, 
            164.2556, 
            106.0683, 
            192.588, 
            160.5137, 
            159.1252, 
            186.5845, 
            149.0091, 
            175.3078, 
            159.1618, 
            190.3448, 
            155.1414, 
            227.5471, 
            145.6114, 
            142.0685, 
            162.859, 
            162.2069, 
            66.5961, 
            238.5561, 
            72.2391, 
            147.2386, 
            206.0039, 
            205.6293, 
            150.539, 
            74.4889, 
            110.098, 
            151.7685, 
            202.2396, 
            216.7529, 
            124.2121, 
            144.8336, 
            191.0776, 
            136.1176, 
            150.6044, 
            190.2295, 
            171.4916, 
            163.562, 
            267.6884, 
            184.7801, 
            211.9575, 
            173.7954, 
            282.0623, 
            151.2877, 
            141.0738, 
            179.4962, 
            174.0988, 
            133.872, 
            161.3229, 
            131.3285, 
            154.9883, 
            151.3296, 
            237.472, 
            179.672, 
            206.1002, 
            154.0566, 
            146.6811, 
            119.0657, 
            233.6456, 
            155.141, 
            211.0821, 
            210.9655, 
            157.1946, 
            433.5798, 
            214.7398, 
            225.0509, 
            174.184, 
            147.3705, 
            198.6078, 
            195.1081, 
            132.0276, 
            171.9045, 
            161.6114, 
            104.6158, 
            203.5592, 
            427.325, 
            108.8758, 
            171.0824, 
            118.4681, 
            163.2138, 
            84.2488, 
            162.2641, 
            312.9378, 
            239.5997, 
            159.2814, 
            157.2964, 
            175.1808, 
            136.1428, 
            152.0747, 
            133.5859, 
            293.4596, 
            155.2751, 
            181.664, 
            330.772, 
            167.8523, 
            141.2611, 
            170.0318, 
            252.05, 
            119.6555, 
            139.8755, 
            182.252, 
            202.7279, 
            226.1175, 
            192.7423, 
            118.0343, 
            117.5069, 
            150.6889, 
            117.6473, 
            195.9627, 
            258.8635, 
            155.2039, 
            189.513, 
            234.7768, 
            108.4198, 
            153.5482, 
            176.8233, 
            312.9378, 
            105.2543, 
            116.016, 
            295.601, 
            172.0448, 
            184.0128, 
            201.9367, 
            165.3382, 
            122.7953, 
            132.3528, 
            177.5797, 
            212.6846, 
            217.6913, 
            116.6737, 
            174.0016, 
            127.8221, 
            159.4802, 
            104.6762, 
            166.1271, 
            169.2312, 
            103.5442, 
            160.3502, 
            188.6974, 
            173.9211, 
            187.6366, 
            143.8996, 
            177.3967, 
            349.2443, 
            206.5603, 
            154.0202, 
            239.5707, 
            98.4378, 
            185.1936, 
            131.8805, 
            186.4584, 
            130.4341, 
            254.9849, 
            91.5783, 
            123.2551, 
            303.378, 
            144.5612, 
            116.7167, 
            122.6942, 
            140.357, 
            208.0541, 
            207.7715, 
            128.0013, 
            224.8843, 
            144.6037, 
            231.0052, 
            142.9413, 
            67.9658, 
            273.0892, 
            123.3057, 
            190.5203, 
            214.4636, 
            389.3657, 
            174.2127, 
            159.1252, 
            205.2531, 
            269.7787, 
            167.3756, 
            234.8558, 
            225.0804, 
            211.3921, 
            216.659, 
            181.664, 
            233.9214, 
            124.8171, 
            158.2258, 
            169.2058, 
            174.4236, 
            157.9353, 
            264.3059, 
            139.0438, 
            104.5674, 
            74.1491, 
            290.9583, 
            207.4325, 
            172.4367, 
            137.5592, 
            71.8583, 
            295.7089, 
            152.8843, 
            150.2186, 
            198.0876, 
            185.5034, 
            176.187, 
            248.0916, 
            241.569, 
            110.9691, 
            141.7276, 
            182.2041, 
            170.01, 
            169.1787, 
            166.2976, 
            130.2251, 
            99.4225, 
            131.3285, 
            130.9498, 
            202.3857, 
            324.9507, 
            135.4657, 
            172.4252, 
            128.6782, 
            75.8232, 
            246.142, 
            240.9223, 
            137.3678, 
            224.6779, 
            181.6893, 
            106.442, 
            243.4542, 
            142.2927, 
            271.7516, 
            178.0053, 
            241.653, 
            225.0784, 
            243.1161, 
            196.3926, 
            388.7258, 
            75.0988, 
            258.8328, 
            145.7834, 
            142.981, 
            228.3797, 
            158.3869, 
            207.0166, 
            202.1524, 
            110.7261, 
            182.6314, 
            151.865, 
            193.3748, 
            285.0081, 
            291.5335, 
            164.1613, 
            168.4031
        ], 
        "x": [
            172.0, 
            133.0, 
            100.0, 
            219.0, 
            191.0, 
            96.0, 
            154.0, 
            165.0, 
            179.0, 
            113.0, 
            228.0, 
            172.0, 
            182.0, 
            126.0, 
            237.0, 
            251.0, 
            274.0, 
            119.0, 
            110.0, 
            245.0, 
            129.0, 
            143.0, 
            339.0, 
            227.0, 
            150.0, 
            228.0, 
            180.0, 
            147.0, 
            232.0, 
            183.0, 
            226.0, 
            160.0, 
            158.0, 
            171.0, 
            119.0, 
            38.0, 
            161.0, 
            145.0, 
            146.0, 
            75.0, 
            197.0, 
            221.0, 
            314.0, 
            186.0, 
            107.0, 
            151.0, 
            109.0, 
            315.0, 
            309.0, 
            235.0, 
            142.0, 
            64.0, 
            145.0, 
            226.0, 
            304.0, 
            293.0, 
            200.0, 
            164.0, 
            207.0, 
            319.0, 
            315.0, 
            203.0, 
            81.0, 
            248.0, 
            183.0, 
            212.0, 
            255.0, 
            234.0, 
            144.0, 
            261.0, 
            149.0, 
            75.0, 
            163.0, 
            207.0, 
            176.0, 
            214.0, 
            68.0, 
            189.0, 
            175.0, 
            71.0, 
            126.0, 
            119.0, 
            227.0, 
            258.0, 
            179.0, 
            82.0, 
            161.0, 
            191.0, 
            250.0, 
            169.0, 
            364.0, 
            195.0, 
            196.0, 
            168.0, 
            81.0, 
            271.0, 
            175.0, 
            222.0, 
            163.0, 
            183.0, 
            97.0, 
            176.0, 
            146.0, 
            168.0, 
            125.0, 
            201.0, 
            144.0, 
            206.0, 
            123.0, 
            174.0, 
            179.0, 
            152.0, 
            104.0, 
            311.0, 
            146.0, 
            234.0, 
            138.0, 
            159.0, 
            325.0, 
            239.0, 
            141.0, 
            335.0, 
            121.0, 
            149.0, 
            153.0, 
            139.0, 
            214.0, 
            159.0, 
            149.0, 
            166.0, 
            177.0, 
            187.0, 
            133.0, 
            191.0, 
            218.0, 
            243.0, 
            125.0, 
            165.0, 
            195.0, 
            151.0, 
            276.0, 
            162.0, 
            378.0, 
            169.0, 
            223.0, 
            133.0, 
            126.0, 
            195.0, 
            95.0, 
            165.0, 
            274.0, 
            140.0, 
            173.0, 
            191.0, 
            123.0, 
            144.0, 
            252.0, 
            174.0, 
            70.0, 
            239.0, 
            153.0, 
            185.0, 
            189.0, 
            293.0, 
            71.0, 
            94.0, 
            390.0, 
            76.0, 
            176.0, 
            205.0, 
            152.0, 
            95.0, 
            124.0, 
            165.0, 
            281.0, 
            306.0, 
            73.0, 
            158.0, 
            172.0, 
            187.0, 
            167.0, 
            149.0, 
            174.0, 
            172.0, 
            162.0, 
            193.0, 
            140.0, 
            178.0, 
            217.0, 
            176.0, 
            201.0, 
            114.0, 
            306.0, 
            155.0, 
            221.0, 
            208.0, 
            181.0, 
            168.0, 
            185.0, 
            101.0, 
            92.0, 
            165.0, 
            144.0, 
            74.0, 
            108.0, 
            271.0, 
            258.0, 
            221.0, 
            181.0, 
            199.0, 
            87.0, 
            119.0, 
            240.0, 
            69.0, 
            97.0, 
            148.0, 
            149.0, 
            124.0, 
            171.0, 
            95.0, 
            319.0, 
            267.0, 
            449.0, 
            205.0, 
            189.0, 
            204.0, 
            186.0, 
            187.0, 
            74.0, 
            144.0, 
            239.0, 
            131.0, 
            143.0, 
            157.0, 
            80.0, 
            254.0, 
            332.0, 
            192.0, 
            173.0, 
            159.0, 
            148.0, 
            129.0, 
            184.0, 
            217.0, 
            112.0, 
            85.0, 
            162.0, 
            144.0, 
            160.0, 
            73.0, 
            179.0, 
            304.0, 
            245.0, 
            144.0, 
            83.0, 
            141.0, 
            116.0, 
            251.0, 
            199.0, 
            113.0, 
            247.0, 
            78.0, 
            164.0, 
            125.0, 
            209.0, 
            171.0, 
            181.0, 
            233.0, 
            165.0, 
            91.0, 
            111.0, 
            128.0, 
            163.0, 
            69.0, 
            175.0, 
            77.0, 
            316.0, 
            302.0, 
            164.0, 
            153.0, 
            267.0, 
            157.0, 
            78.0, 
            276.0, 
            111.0, 
            209.0, 
            69.0, 
            125.0, 
            51.0, 
            130.0, 
            64.0, 
            132.0, 
            169.0, 
            34.0, 
            198.0, 
            140.0, 
            178.0, 
            165.0, 
            145.0, 
            188.0, 
            153.0, 
            277.0, 
            243.0, 
            183.0, 
            101.0, 
            93.0, 
            154.0, 
            123.0, 
            218.0, 
            85.0, 
            82.0, 
            148.0, 
            160.0, 
            199.0, 
            213.0, 
            93.0, 
            193.0, 
            109.0, 
            131.0, 
            166.0, 
            136.0, 
            114.0, 
            290.0, 
            216.0, 
            197.0, 
            204.0, 
            259.0, 
            274.0, 
            154.0, 
            267.0, 
            189.0, 
            143.0, 
            409.0, 
            67.0, 
            295.0, 
            210.0, 
            136.0, 
            118.0, 
            464.0, 
            134.0, 
            76.0, 
            90.0, 
            301.0, 
            172.0, 
            148.0, 
            289.0, 
            184.0, 
            162.0, 
            279.0, 
            180.0, 
            203.0, 
            136.0, 
            320.0, 
            320.0, 
            289.0, 
            244.0, 
            117.0, 
            174.0, 
            197.0, 
            188.0, 
            180.0, 
            129.0, 
            70.0, 
            331.0, 
            173.0, 
            167.0, 
            140.0, 
            115.0, 
            204.0, 
            185.0, 
            188.0, 
            208.0, 
            162.0, 
            66.0, 
            192.0, 
            195.0, 
            139.0, 
            68.0, 
            46.0, 
            102.0, 
            172.0, 
            212.0, 
            163.0, 
            235.0, 
            65.0, 
            139.0, 
            153.0, 
            286.0, 
            159.0, 
            160.0, 
            251.0, 
            145.0, 
            173.0, 
            207.0, 
            210.0, 
            178.0, 
            174.0, 
            140.0, 
            191.0, 
            62.0, 
            230.0, 
            142.0, 
            180.0, 
            81.0, 
            173.0, 
            181.0, 
            102.0, 
            118.0, 
            219.0, 
            107.0, 
            222.0, 
            274.0, 
            182.0, 
            136.0, 
            157.0, 
            275.0, 
            162.0, 
            189.0, 
            158.0, 
            187.0, 
            245.0, 
            244.0, 
            158.0, 
            300.0, 
            168.0, 
            175.0, 
            143.0, 
            153.0, 
            171.0, 
            262.0, 
            145.0, 
            124.0, 
            206.0, 
            175.0, 
            231.0, 
            138.0, 
            324.0, 
            260.0, 
            67.0, 
            82.0, 
            214.0, 
            234.0, 
            111.0, 
            164.0, 
            143.0, 
            166.0, 
            111.0, 
            69.0, 
            226.0, 
            201.0, 
            107.0, 
            148.0, 
            128.0, 
            128.0, 
            76.0, 
            267.0, 
            231.0, 
            212.0, 
            243.0, 
            61.0, 
            166.0, 
            220.0, 
            90.0, 
            187.0, 
            85.0, 
            189.0, 
            132.0, 
            65.0, 
            314.0, 
            132.0, 
            210.0, 
            73.0, 
            273.0, 
            225.0, 
            203.0, 
            69.0, 
            221.0, 
            81.0, 
            134.0, 
            91.0, 
            204.0, 
            263.0, 
            162.0, 
            150.0, 
            111.0, 
            192.0, 
            210.0, 
            161.0, 
            242.0, 
            149.0, 
            155.0, 
            176.0, 
            89.0, 
            180.0, 
            97.0, 
            99.0, 
            52.0, 
            83.0, 
            232.0, 
            154.0, 
            174.0, 
            154.0, 
            213.0, 
            66.0, 
            214.0, 
            184.0, 
            243.0, 
            125.0, 
            160.0, 
            72.0, 
            435.0, 
            168.0, 
            256.0, 
            167.0, 
            186.0, 
            121.0, 
            211.0, 
            286.0, 
            63.0, 
            212.0, 
            248.0, 
            303.0, 
            160.0, 
            268.0, 
            95.0, 
            157.0, 
            46.0, 
            199.0, 
            77.0, 
            76.0, 
            186.0, 
            180.0, 
            310.0, 
            223.0, 
            92.0, 
            73.0, 
            197.0, 
            302.0, 
            66.0, 
            160.0, 
            160.0, 
            179.0, 
            201.0, 
            275.0, 
            154.0, 
            93.0, 
            388.0, 
            188.0, 
            264.0, 
            196.0, 
            147.0, 
            146.0, 
            123.0, 
            130.0, 
            202.0, 
            229.0, 
            255.0, 
            73.0, 
            283.0, 
            174.0, 
            194.0, 
            179.0, 
            128.0, 
            238.0, 
            196.0, 
            91.0, 
            152.0, 
            90.0, 
            79.0, 
            194.0, 
            184.0, 
            213.0, 
            125.0, 
            236.0, 
            240.0, 
            196.0, 
            95.0, 
            197.0, 
            141.0, 
            216.0, 
            188.0, 
            99.0, 
            212.0, 
            116.0, 
            157.0, 
            220.0, 
            182.0, 
            189.0, 
            114.0, 
            180.0, 
            271.0, 
            153.0, 
            123.0, 
            77.0, 
            167.0, 
            234.0, 
            168.0, 
            227.0, 
            103.0, 
            136.0, 
            202.0, 
            134.0, 
            278.0, 
            302.0, 
            110.0, 
            226.0, 
            260.0, 
            216.0, 
            249.0, 
            69.0, 
            124.0, 
            182.0, 
            77.0, 
            235.0, 
            299.0, 
            300.0, 
            136.0, 
            131.0, 
            198.0, 
            274.0, 
            72.0, 
            122.0, 
            194.0, 
            210.0, 
            74.0, 
            183.0, 
            178.0, 
            177.0, 
            263.0, 
            199.0, 
            143.0, 
            116.0, 
            118.0, 
            212.0, 
            99.0, 
            204.0, 
            402.0, 
            368.0, 
            273.0, 
            212.0, 
            155.0, 
            177.0, 
            235.0, 
            173.0, 
            333.0, 
            222.0, 
            148.0, 
            96.0, 
            186.0, 
            106.0, 
            241.0, 
            125.0, 
            306.0, 
            275.0, 
            280.0, 
            487.0, 
            243.0, 
            171.0, 
            142.0, 
            198.0, 
            208.0, 
            187.0, 
            202.0, 
            127.0, 
            264.0, 
            208.0, 
            197.0, 
            110.0, 
            135.0, 
            105.0, 
            185.0, 
            193.0, 
            300.0, 
            124.0, 
            152.0, 
            100.0, 
            201.0, 
            143.0, 
            162.0, 
            178.0, 
            105.0, 
            190.0, 
            208.0, 
            162.0, 
            72.0, 
            102.0, 
            287.0, 
            244.0, 
            139.0, 
            200.0, 
            203.0, 
            255.0, 
            127.0, 
            288.0, 
            287.0, 
            198.0, 
            127.0, 
            298.0, 
            115.0, 
            161.0, 
            147.0, 
            242.0, 
            312.0, 
            108.0, 
            231.0, 
            96.0, 
            271.0, 
            258.0, 
            94.0, 
            247.0, 
            270.0, 
            138.0, 
            218.0, 
            167.0, 
            116.0, 
            224.0, 
            340.0, 
            157.0, 
            147.0, 
            177.0, 
            268.0, 
            242.0, 
            212.0, 
            410.0, 
            83.0, 
            364.0, 
            438.0, 
            120.0, 
            106.0, 
            73.0, 
            118.0, 
            182.0, 
            222.0, 
            287.0, 
            149.0, 
            279.0, 
            167.0, 
            108.0, 
            442.0, 
            220.0, 
            136.0, 
            172.0, 
            200.0, 
            197.0, 
            312.0, 
            53.0, 
            204.0, 
            68.0, 
            74.0, 
            101.0, 
            73.0, 
            158.0, 
            160.0, 
            213.0, 
            150.0, 
            178.0, 
            182.0, 
            158.0, 
            182.0, 
            209.0, 
            159.0, 
            164.0, 
            225.0, 
            165.0, 
            56.0, 
            280.0, 
            68.0, 
            149.0, 
            204.0, 
            215.0, 
            112.0, 
            71.0, 
            78.0, 
            155.0, 
            203.0, 
            128.0, 
            109.0, 
            129.0, 
            203.0, 
            146.0, 
            153.0, 
            219.0, 
            114.0, 
            180.0, 
            291.0, 
            243.0, 
            152.0, 
            168.0, 
            298.0, 
            156.0, 
            141.0, 
            217.0, 
            117.0, 
            143.0, 
            165.0, 
            132.0, 
            167.0, 
            171.0, 
            214.0, 
            196.0, 
            155.0, 
            96.0, 
            148.0, 
            120.0, 
            251.0, 
            163.0, 
            207.0, 
            157.0, 
            169.0, 
            428.0, 
            221.0, 
            239.0, 
            180.0, 
            159.0, 
            211.0, 
            208.0, 
            139.0, 
            189.0, 
            163.0, 
            96.0, 
            212.0, 
            407.0, 
            100.0, 
            207.0, 
            63.0, 
            90.0, 
            72.0, 
            171.0, 
            311.0, 
            220.0, 
            151.0, 
            168.0, 
            200.0, 
            136.0, 
            166.0, 
            147.0, 
            286.0, 
            176.0, 
            205.0, 
            347.0, 
            160.0, 
            146.0, 
            74.0, 
            245.0, 
            124.0, 
            156.0, 
            195.0, 
            210.0, 
            256.0, 
            220.0, 
            110.0, 
            113.0, 
            39.0, 
            106.0, 
            212.0, 
            242.0, 
            159.0, 
            202.0, 
            249.0, 
            130.0, 
            128.0, 
            183.0, 
            328.0, 
            34.0, 
            112.0, 
            312.0, 
            175.0, 
            221.0, 
            211.0, 
            167.0, 
            111.0, 
            125.0, 
            200.0, 
            211.0, 
            215.0, 
            96.0, 
            120.0, 
            126.0, 
            153.0, 
            102.0, 
            158.0, 
            168.0, 
            78.0, 
            120.0, 
            193.0, 
            133.0, 
            197.0, 
            137.0, 
            187.0, 
            334.0, 
            206.0, 
            156.0, 
            222.0, 
            42.0, 
            207.0, 
            161.0, 
            182.0, 
            164.0, 
            262.0, 
            93.0, 
            124.0, 
            317.0, 
            143.0, 
            163.0, 
            121.0, 
            149.0, 
            214.0, 
            231.0, 
            128.0, 
            214.0, 
            142.0, 
            169.0, 
            118.0, 
            63.0, 
            262.0, 
            157.0, 
            195.0, 
            195.0, 
            409.0, 
            167.0, 
            160.0, 
            198.0, 
            284.0, 
            167.0, 
            173.0, 
            113.0, 
            130.0, 
            238.0, 
            200.0, 
            263.0, 
            125.0, 
            183.0, 
            202.0, 
            182.0, 
            125.0, 
            211.0, 
            169.0, 
            90.0, 
            72.0, 
            274.0, 
            194.0, 
            191.0, 
            138.0, 
            75.0, 
            288.0, 
            170.0, 
            155.0, 
            193.0, 
            198.0, 
            150.0, 
            149.0, 
            246.0, 
            130.0, 
            159.0, 
            69.0, 
            177.0, 
            172.0, 
            171.0, 
            134.0, 
            98.0, 
            132.0, 
            131.0, 
            266.0, 
            316.0, 
            128.0, 
            189.0, 
            114.0, 
            69.0, 
            262.0, 
            245.0, 
            125.0, 
            236.0, 
            208.0, 
            82.0, 
            221.0, 
            151.0, 
            280.0, 
            195.0, 
            252.0, 
            230.0, 
            268.0, 
            184.0, 
            369.0, 
            75.0, 
            260.0, 
            52.0, 
            179.0, 
            241.0, 
            167.0, 
            216.0, 
            224.0, 
            82.0, 
            219.0, 
            159.0, 
            208.0, 
            312.0, 
            299.0, 
            240.0, 
            97.0
        ]
    }, 
    "regression_performance": {
        "max_error": 69.028684232149786, 
        "median_error": 2.6322452709103885, 
        "error_distribution": [
            {
                "count": 203, 
                "bin_max": -71.707809285501696, 
                "bin_id": 0, 
                "bin_min": -87.501571335815925
            }, 
            {
                "count": 139, 
                "bin_max": -56.07042111687376, 
                "bin_id": 1, 
                "bin_min": -71.707809285501696
            }, 
            {
                "count": 179, 
                "bin_max": -40.43303294824581, 
                "bin_id": 2, 
                "bin_min": -56.07042111687376
            }, 
            {
                "count": 274, 
                "bin_max": -24.795644779617867, 
                "bin_id": 3, 
                "bin_min": -40.43303294824581
            }, 
            {
                "count": 566, 
                "bin_max": -9.1582566109899233, 
                "bin_id": 4, 
                "bin_min": -24.795644779617867
            }, 
            {
                "count": 2253, 
                "bin_max": 6.4791315576380271, 
                "bin_id": 5, 
                "bin_min": -9.1582566109899233
            }, 
            {
                "count": 1449, 
                "bin_max": 22.116519726265963, 
                "bin_id": 6, 
                "bin_min": 6.4791315576380271
            }, 
            {
                "count": 470, 
                "bin_max": 37.753907894893914, 
                "bin_id": 7, 
                "bin_min": 22.116519726265963
            }, 
            {
                "count": 202, 
                "bin_max": 53.39129606352185, 
                "bin_id": 8, 
                "bin_min": 37.753907894893914
            }, 
            {
                "count": 221, 
                "bin_max": 69.028684232149786, 
                "bin_id": 9, 
                "bin_min": 53.39129606352185
            }
        ], 
        "min_error": -87.345197454129647, 
        "average_error": 0.3873927220898813, 
        "std_error": 28.65390823812659, 
        "p75_error": 13.715664207884799, 
        "p90_error": 30.070993236827462, 
        "p25_error": -7.7262487675422946
    }
}