{
    "trainingTime": 12356, 
    "state": "DONE", 
    "startTime": 1468945865233, 
    "preprocessingTime": 258, 
    "progress": {
        "top_level_todo": [], 
        "stack": [], 
        "top_level_done": [
            {
                "name": "Loading train set", 
                "time": 57
            }, 
            {
                "name": "Loading test set", 
                "time": 14
            }, 
            {
                "name": "Collecting statistics", 
                "time": 43
            }, 
            {
                "name": "Preprocessing train set", 
                "time": 102
            }, 
            {
                "name": "Preprocessing test set", 
                "time": 41
            }, 
            {
                "name": "Fitting model", 
                "time": 10860
            }, 
            {
                "name": "Saving model", 
                "time": 12
            }, 
            {
                "name": "Scoring model", 
                "time": 1483
            }
        ]
    }, 
    "endTime": 1468945877847, 
    "modelId": "NA"
}