{
    "modelInputNRows": 23843, 
    "modelInputIsSparse": false, 
    "modelInputMemory": 21744816, 
    "modelInputNCols": 114, 
    "rawImportance": {
        "variables": [
            "age", 
            "price_first_item_purchased", 
            "dummy:campain:False", 
            "dummy:campain:True", 
            "dummy:ip_country:United States", 
            "dummy:ip_country:China", 
            "dummy:ip_country:India"
        ], 
        "importances": [
            0.08004000494074351, 
            0.4407173139527463, 
            0.04963176683171829, 
            0.01559895064880665, 
            0.29220300095751217, 
            0.10247252609824883, 
            0.01933643657022425
        ]
    }
}