{
    "trainingTime": 346, 
    "state": "DONE", 
    "startTime": 1468945925186, 
    "preprocessingTime": 232, 
    "progress": {
        "top_level_todo": [], 
        "stack": [], 
        "top_level_done": [
            {
                "name": "Loading train set", 
                "time": 37
            }, 
            {
                "name": "Loading test set", 
                "time": 12
            }, 
            {
                "name": "Collecting statistics", 
                "time": 46
            }, 
            {
                "name": "Preprocessing train set", 
                "time": 94
            }, 
            {
                "name": "Preprocessing test set", 
                "time": 40
            }, 
            {
                "name": "Fitting model", 
                "time": 252
            }, 
            {
                "name": "Saving model", 
                "time": 2
            }, 
            {
                "name": "Scoring model", 
                "time": 92
            }
        ]
    }, 
    "endTime": 1468945925764, 
    "modelId": "NA"
}