{
  "checklists": {
    "checklists": []
  }, 
  "description": "### Process explained\n\n- __extracts the country__ of each customer knowing his IP address.\n- __adding the monthly revenue__ each customer has generated (This data is extracted from the last month CRM data).", 
  "inputs": {
    "main": {
      "items": [
        {
          "deps": [], 
          "ref": "web_last_month"
        }
      ]
    }, 
    "scriptDeps": {
      "items": [
        {
          "deps": [], 
          "ref": "crm_last_month"
        }
      ]
    }
  }, 
  "neverRecomputeExistingPartitions": false, 
  "optionalDependencies": false, 
  "outputs": {
    "main": {
      "items": [
        {
          "appendMode": false, 
          "ref": "web_last_month_enriched"
        }
      ]
    }
  }, 
  "params": {
    "engineType": "DSS", 
    "hadoopConfigKeys": []
  }, 
  "redispatchPartitioning": false, 
  "tags": [], 
  "type": "shaker", 
  "versionTag": {
    "lastModifiedBy": {
      "displayName": "Administrator", 
      "login": "admin"
    }, 
    "lastModifiedOn": 1461148473580, 
    "versionNumber": 4
  }
}