{
    "per_feature": {
        "pages_visited": {
            "stats": {
                "std": 2.5409572461916223, 
                "p99": 14.0, 
                "min": 1.0, 
                "max": 14.0, 
                "average": 6.062114666778509, 
                "median": 6.0
            }, 
            "missing_impute_with_value": 6.062114666778509
        }, 
        "revenue": {
            "stats": {}
        }, 
        "ip": {
            "stats": {}
        }, 
        "campain": {
            "missing_impute_with_value": "False", 
            "stats": {
                "mostFrequentValue": "False", 
                "leastFrequentValue": "True"
            }, 
            "category_possible_values": [
                "False", 
                "True"
            ]
        }, 
        "ip_country": {
            "missing_impute_with_value": "United States", 
            "stats": {
                "mostFrequentValue": "United States", 
                "leastFrequentValue": "French Polynesia"
            }, 
            "category_possible_values": [
                "United States", 
                "China", 
                "Japan", 
                "Germany", 
                "United Kingdom", 
                "Republic of Korea", 
                "France", 
                "Canada", 
                "Brazil", 
                "Netherlands", 
                "Italy", 
                "Australia", 
                "Russia", 
                "India", 
                "Sweden", 
                "South Africa", 
                "Mexico", 
                "Spain", 
                "Taiwan", 
                "Switzerland", 
                "Poland", 
                "Argentina", 
                "Norway", 
                "Turkey", 
                "Finland", 
                "Denmark", 
                "Colombia", 
                "Egypt", 
                "Belgium", 
                "Ukraine", 
                "Indonesia", 
                "Vietnam", 
                "Austria", 
                "Chile", 
                "Ireland", 
                "Thailand", 
                "Romania", 
                "Venezuela", 
                "Malaysia", 
                "Saudi Arabia", 
                "New Zealand", 
                "Iran", 
                "Israel", 
                "Portugal", 
                "Greece", 
                "Philippines", 
                "Hungary", 
                "Singapore", 
                "Morocco", 
                "Bulgaria", 
                "Kenya", 
                "United Arab Emirates", 
                "Slovenia", 
                "Pakistan", 
                "Tunisia", 
                "Slovak Republic", 
                "Algeria", 
                "Seychelles", 
                "Republic of Lithuania", 
                "Panama", 
                "Peru", 
                "Croatia", 
                "Serbia", 
                "Kuwait", 
                "Uruguay", 
                "Belarus", 
                "Ecuador", 
                "Kazakhstan", 
                "Latvia", 
                "Republic of Moldova", 
                "Namibia", 
                "Bosnia and Herzegovina", 
                "Angola", 
                "Qatar", 
                "Trinidad and Tobago", 
                "Paraguay", 
                "Sudan", 
                "Nigeria", 
                "Iceland", 
                "Costa Rica", 
                "Luxembourg", 
                "Armenia", 
                "Bolivia", 
                "Georgia", 
                "Guatemala", 
                "Ghana", 
                "Tanzania", 
                "Mauritius", 
                "Estonia", 
                "Honduras", 
                "El Salvador", 
                "Bahrain", 
                "Hong Kong", 
                "Bangladesh", 
                "Mozambique", 
                "Cyprus", 
                "Zambia", 
                "Oman", 
                "Nepal", 
                "Gabon"
            ]
        }, 
        "customer_id": {
            "stats": {}
        }
    }, 
    "feature_order": [
        "pages_visited", 
        "revenue", 
        "ip", 
        "campain", 
        "ip_country", 
        "customer_id"
    ]
}