{
    "modelInputNRows": 23843, 
    "modelInputIsSparse": false, 
    "modelInputMemory": 20409608, 
    "modelInputNCols": 107, 
    "lmCoefficients": {
        "variables": [
            "dummy:campain:False", 
            "dummy:campain:True", 
            "dummy:ip_country:United States", 
            "dummy:ip_country:China", 
            "dummy:ip_country:Brazil", 
            "dummy:ip_country:India"
        ], 
        "coefs": [
            14.187533280138355, 
            -1.6716906103381502e-14, 
            37.34887389601998, 
            -37.8230941438779, 
            -5.455546800682484, 
            -11.754068291913226
        ], 
        "interceptCoef": 155.23033277314232, 
        "pvalue": [
            0.0, 
            0.4999999999999657, 
            0.0, 
            0.0, 
            0.0, 
            0.0
        ], 
        "tstat": [
            73.15609876656933, 
            -8.619846803689872e-14, 
            156.7969441202741, 
            -419.754047820548, 
            -231.81758910179494, 
            -893.0923730912655
        ]
    }
}