{
  "state": "DONE",
  "preSearchDescription": {
    "gridLength": 1,
    "importantParams": [
      {
        "name": "alpha",
        "vals": [
          "0.05"
        ]
      }
    ]
  },
  "postSearchDescription": {
    "importantParams": [
      {
        "name": "alpha",
        "val": "0.05"
      }
    ]
  },
  "modelId": "m1",
  "progress": {
    "top_level_todo": [],
    "stack": [],
    "top_level_done": [
      {
        "name": "Loading train set",
        "time": 42
      },
      {
        "name": "Loading test set",
        "time": 14
      },
      {
        "name": "Collecting statistics",
        "time": 16
      },
      {
        "name": "Preprocessing train set",
        "time": 70
      },
      {
        "name": "Preprocessing test set",
        "time": 32
      },
      {
        "name": "Fitting model",
        "time": 163
      },
      {
        "name": "Saving model",
        "time": 2
      },
      {
        "name": "Scoring model",
        "time": 498
      }
    ]
  },
  "startTime": 1486127736956,
  "endTime": 1486127737795,
  "preprocessingTime": 176,
  "trainingTime": 663
}