{
  "params": {
    "ttPolicy": "SPLIT_SINGLE_DATASET",
    "ssdSplitMode": "RANDOM",
    "splitBeforePrepare": true,
    "ssdSelection": {
      "samplingMethod": "HEAD_SEQUENTIAL",
      "partitionSelectionMethod": "ALL",
      "maxRecords": 100000,
      "targetRatio": 0.02
    },
    "ssdTrainingRatio": 0.8,
    "ssdSeed": 1337,
    "kfold": false,
    "nFolds": 5,
    "instanceIdRefresher": 3,
    "subSamplingSeed": 1337
  },
  "generationDate": 1468945728693,
  "policyId": "type\u003dSPLIT_SINGLE_DATASET,split\u003dRANDOM,splitBeforePrepare\u003dtrue,ds\u003dweb_history_prepared,sel\u003d(method\u003dhead-s,records\u003d100000),r\u003d0.8,s\u003d1337",
  "instanceId": "0fae659da2a70af643441c77f4e2dae4-3",
  "format": "csv1",
  "schema": {
    "userModified": false,
    "columns": [
      {
        "name": "customer_id",
        "type": "string",
        "timestampNoTzAsDate": false,
        "maxLength": -1
      },
      {
        "name": "ip",
        "type": "string",
        "timestampNoTzAsDate": false,
        "maxLength": -1
      },
      {
        "name": "ip_country",
        "type": "string",
        "timestampNoTzAsDate": false,
        "maxLength": -1
      },
      {
        "name": "pages_visited",
        "type": "double",
        "timestampNoTzAsDate": false,
        "maxLength": -1
      },
      {
        "name": "campain",
        "type": "boolean",
        "timestampNoTzAsDate": false,
        "maxLength": -1
      },
      {
        "name": "revenue",
        "type": "bigint",
        "timestampNoTzAsDate": false,
        "maxLength": -1
      }
    ]
  },
  "trainPath": "train-0fae659da2a70af643441c77f4e2dae4-3.csv",
  "testPath": "test-0fae659da2a70af643441c77f4e2dae4-3.csv",
  "trainRows": 23843,
  "testRows": 5956,
  "fullRows": 0
}