{
    "details": {
        "ip_country": {
            "levels": [
                "United States", 
                "China", 
                "Japan", 
                "Germany", 
                "United Kingdom", 
                "France", 
                "Republic of Korea", 
                "Brazil", 
                "Canada", 
                "Italy", 
                "Netherlands", 
                "Russia", 
                "Australia", 
                "India", 
                "Spain", 
                "Taiwan", 
                "Mexico", 
                "South Africa", 
                "Sweden", 
                "Switzerland", 
                "Poland", 
                "Argentina", 
                "Norway", 
                "Finland", 
                "Turkey", 
                "Colombia", 
                "Austria", 
                "Belgium", 
                "Denmark", 
                "Ukraine", 
                "Indonesia", 
                "Egypt", 
                "Ireland", 
                "Vietnam", 
                "Israel", 
                "Chile", 
                "Romania", 
                "Thailand", 
                "Iran", 
                "Greece", 
                "Saudi Arabia", 
                "Venezuela", 
                "Portugal", 
                "Singapore", 
                "Hungary", 
                "Philippines", 
                "Malaysia", 
                "Morocco", 
                "Bulgaria", 
                "New Zealand", 
                "United Arab Emirates", 
                "Republic of Lithuania", 
                "Pakistan", 
                "Algeria", 
                "Slovenia", 
                "Croatia", 
                "Peru", 
                "Ecuador", 
                "Tunisia", 
                "Uruguay", 
                "Serbia", 
                "Belarus", 
                "Panama", 
                "Slovak Republic", 
                "Kuwait", 
                "Latvia", 
                "Kazakhstan", 
                "Kenya", 
                "Nigeria", 
                "Iceland", 
                "Dominican Republic", 
                "Republic of Moldova", 
                "Bosnia and Herzegovina", 
                "Costa Rica", 
                "Czechia", 
                "Bangladesh", 
                "Luxembourg", 
                "Hong Kong", 
                "Georgia", 
                "Estonia", 
                "Cyprus", 
                "Bolivia", 
                "Paraguay", 
                "Ghana", 
                "Tanzania", 
                "Albania", 
                "Lebanon", 
                "Angola", 
                "Mauritius", 
                "Namibia", 
                "El Salvador", 
                "Nepal", 
                "Seychelles", 
                "Armenia", 
                "Bahrain", 
                "Cameroon", 
                "Guatemala", 
                "Honduras", 
                "Libya", 
                "Oman"
            ], 
            "with_others": true
        }, 
        "campain": {
            "levels": [
                "False", 
                "True"
            ], 
            "with_others": true
        }
    }
}