{
    "modelInputNRows": 19846, 
    "modelInputIsSparse": false, 
    "modelInputMemory": 16988176, 
    "modelInputNCols": 107, 
    "rawImportance": {
        "variables": [
            "pages_visited", 
            "dummy:campain:False", 
            "dummy:campain:True", 
            "dummy:ip_country:United States", 
            "dummy:ip_country:China", 
            "dummy:ip_country:Japan", 
            "dummy:ip_country:Germany", 
            "dummy:ip_country:United Kingdom", 
            "dummy:ip_country:France", 
            "dummy:ip_country:Republic of Korea", 
            "dummy:ip_country:Brazil", 
            "dummy:ip_country:Canada", 
            "dummy:ip_country:Italy", 
            "dummy:ip_country:Netherlands", 
            "dummy:ip_country:Russia", 
            "dummy:ip_country:Australia", 
            "dummy:ip_country:India", 
            "dummy:ip_country:Spain", 
            "dummy:ip_country:Taiwan", 
            "dummy:ip_country:Mexico", 
            "dummy:ip_country:South Africa", 
            "dummy:ip_country:Sweden", 
            "dummy:ip_country:Switzerland", 
            "dummy:ip_country:Poland", 
            "dummy:ip_country:Argentina", 
            "dummy:ip_country:Norway", 
            "dummy:ip_country:Finland", 
            "dummy:ip_country:Turkey", 
            "dummy:ip_country:Colombia", 
            "dummy:ip_country:Austria", 
            "dummy:ip_country:Belgium", 
            "dummy:ip_country:Denmark", 
            "dummy:ip_country:Ukraine", 
            "dummy:ip_country:Indonesia", 
            "dummy:ip_country:Egypt", 
            "dummy:ip_country:Ireland", 
            "dummy:ip_country:Vietnam", 
            "dummy:ip_country:Chile", 
            "dummy:ip_country:Romania", 
            "dummy:ip_country:Thailand", 
            "dummy:ip_country:Iran", 
            "dummy:ip_country:Venezuela", 
            "dummy:ip_country:Philippines", 
            "dummy:ip_country:Morocco", 
            "dummy:ip_country:Bulgaria", 
            "dummy:ip_country:__Others__"
        ], 
        "importances": [
            0.05004011956089124, 
            0.06485411634069063, 
            0.05242682346742402, 
            0.44543642186802174, 
            0.14168055295145962, 
            0.004062168165150604, 
            0.0037174787451455444, 
            0.0032994087295669964, 
            0.0017694168714920636, 
            0.0013537619159441248, 
            0.03527624259250325, 
            0.0065793197429895, 
            0.00046513877475010714, 
            0.004318844083294359, 
            0.011067010805735633, 
            0.0028771265596884265, 
            0.04270922752841755, 
            0.0008732101749774321, 
            0.0011204538262408555, 
            0.010674144861537022, 
            0.01659743895518629, 
            0.001059184022703763, 
            0.0022502070397450364, 
            0.00044195543318576976, 
            0.004060007035967207, 
            0.004737874324373035, 
            0.00017551951778281994, 
            0.005067222217142382, 
            0.010325516311095954, 
            0.000704474073371225, 
            0.00020922661260907248, 
            0.00016157586543209872, 
            0.012449752104806356, 
            0.016488651684964, 
            0.012151396207300538, 
            0.000837578842810537, 
            0.013222986312230648, 
            0.00018128572843871554, 
            0.00026306762703934435, 
            0.005692873777789684, 
            0.00019599830959718758, 
            0.0006677941562574809, 
            0.006593767972026076, 
            7.068099148072092e-05, 
            3.7633728306470136e-05, 
            0.0007553435824368539
        ]
    }
}