{
    "metrics": {
        "pearson": 0.6587447877513023, 
        "r2": 0.43384066796357323, 
        "rmse": 51.50736200828463, 
        "mape": 0.2432170830881574, 
        "mae": 37.863792480848552, 
        "mse": 2653.008341052483, 
        "evs": 0.43393762591090346, 
        "rmsle": 0.29370628440381985
    }, 
    "scatterPlotData": {
        "y": [
            119.3646, 
            216.9409, 
            182.5804, 
            233.6996, 
            181.5141, 
            182.3325, 
            206.0903, 
            85.4662, 
            109.8623, 
            125.7128, 
            185.3729, 
            211.6173, 
            184.8299, 
            176.262, 
            188.6019, 
            182.5804, 
            166.5092, 
            86.4891, 
            184.719, 
            172.849, 
            106.3948, 
            205.7285, 
            231.0843, 
            181.9762, 
            123.7761, 
            100.1378, 
            237.727, 
            231.0843, 
            179.0562, 
            99.0425, 
            184.906, 
            176.262, 
            166.8498, 
            98.2711, 
            197.2203, 
            180.4357, 
            201.4636, 
            207.6138, 
            194.1346, 
            197.2203, 
            233.6996, 
            105.677, 
            184.906, 
            143.9891, 
            170.576, 
            218.0612, 
            187.6776, 
            221.1866, 
            163.6566, 
            97.4732, 
            194.9793, 
            95.6906, 
            168.3869, 
            96.4296, 
            105.4344, 
            184.699, 
            182.3325, 
            180.4357, 
            207.6138, 
            90.0935, 
            194.4386, 
            164.1522, 
            233.6996, 
            115.7912, 
            73.7813, 
            166.8044, 
            207.6138, 
            223.418, 
            216.9409, 
            237.727, 
            124.986, 
            175.7349, 
            150.3381, 
            231.7356, 
            181.7981, 
            102.4382, 
            169.3963, 
            118.7021, 
            197.2203, 
            182.9826, 
            181.9762, 
            164.1522, 
            231.0843, 
            181.7981, 
            163.9379, 
            195.4226, 
            97.9023, 
            182.9005, 
            231.7356, 
            181.9762, 
            156.8438, 
            130.9096, 
            231.7356, 
            181.9762, 
            221.1866, 
            194.9793, 
            221.1866, 
            233.6996, 
            236.3785, 
            187.6776, 
            182.5804, 
            190.8345, 
            184.8299, 
            103.2295, 
            237.727, 
            171.8577, 
            187.4298, 
            116.5602, 
            133.6945, 
            162.6366, 
            226.6176, 
            148.3114, 
            207.6138, 
            197.2203, 
            160.7198, 
            170.0664, 
            85.4662, 
            233.6996, 
            172.849, 
            221.1866, 
            180.4357, 
            197.2203, 
            106.3948, 
            182.1528, 
            221.1866, 
            221.1866, 
            176.3688, 
            172.4271, 
            117.8149, 
            96.671, 
            102.7871, 
            166.9729, 
            181.9762, 
            221.1866, 
            237.727, 
            172.4271, 
            221.1866, 
            168.4837, 
            195.4226, 
            192.5652, 
            221.1866, 
            105.677, 
            193.2502, 
            177.4165, 
            169.3963, 
            172.5964, 
            185.3729, 
            182.9826, 
            216.8896, 
            237.727, 
            173.3462, 
            173.3462, 
            199.2517, 
            184.906, 
            231.7356, 
            237.727, 
            174.5171, 
            94.3685, 
            106.3948, 
            175.7349, 
            187.0297, 
            182.5804, 
            133.425, 
            175.7349, 
            206.0903, 
            237.727, 
            102.7871, 
            160.7198, 
            236.3785, 
            231.7356, 
            237.727, 
            111.3293, 
            180.4357, 
            105.3753, 
            106.3948, 
            105.4013, 
            155.7054, 
            100.1378, 
            163.9379, 
            233.6996, 
            192.5652, 
            180.4357, 
            96.6717, 
            187.4298, 
            182.748, 
            172.4271, 
            150.9637, 
            231.7356, 
            103.2295, 
            194.9793, 
            207.6138, 
            231.0843, 
            168.5576, 
            163.5912, 
            180.4357, 
            199.3078, 
            233.6996, 
            233.6996, 
            86.4891, 
            93.8855, 
            176.262, 
            182.4008, 
            189.4223, 
            100.1378, 
            233.6996, 
            184.8299, 
            233.6996, 
            221.1866, 
            106.3948, 
            184.8299, 
            118.464, 
            106.8102, 
            182.6654, 
            125.2354, 
            181.9762, 
            106.3948, 
            158.9474, 
            231.0843, 
            187.0297, 
            195.1854, 
            216.9409, 
            106.3948, 
            162.3899, 
            181.5141, 
            157.6209, 
            180.4357, 
            134.7496, 
            172.7863, 
            176.1891, 
            168.9586, 
            174.5171, 
            231.0843, 
            125.834, 
            131.6951, 
            195.4226, 
            182.5804, 
            237.727, 
            171.3345, 
            90.2567, 
            195.1854, 
            233.6996, 
            233.6996, 
            123.7761, 
            117.5699, 
            105.4344, 
            184.9473, 
            237.727, 
            233.6996, 
            109.8623, 
            105.4013, 
            167.0176, 
            166.8044, 
            109.8623, 
            190.8345, 
            231.0843, 
            214.4691, 
            231.0843, 
            233.6996, 
            182.4008, 
            139.5285, 
            156.4303, 
            214.2977, 
            184.906, 
            116.8554, 
            165.6349, 
            237.727, 
            231.7356, 
            183.7955, 
            139.5285, 
            221.1866, 
            231.0843, 
            105.4013, 
            181.5141, 
            115.2702, 
            105.3753, 
            101.1369, 
            86.4891, 
            105.4344, 
            106.3948, 
            120.7744, 
            178.1758, 
            182.1554, 
            105.4013, 
            163.9591, 
            237.727, 
            105.4344, 
            237.727, 
            181.7981, 
            184.906, 
            184.906, 
            180.4357, 
            90.2567, 
            178.1758, 
            143.9785, 
            162.0336, 
            177.4165, 
            156.3161, 
            189.4223, 
            182.1554, 
            237.727, 
            181.5141, 
            236.3785, 
            73.7813, 
            195.7352, 
            100.1378, 
            233.6996, 
            123.9044, 
            182.748, 
            195.1854, 
            195.7352, 
            181.9762, 
            192.5652, 
            221.1866, 
            189.4223, 
            181.5141, 
            181.5141, 
            192.5652, 
            181.5141, 
            181.7981, 
            137.6371, 
            182.565, 
            194.9793, 
            137.6371, 
            181.5141, 
            218.0612, 
            120.638, 
            180.4357, 
            152.4264, 
            218.0612, 
            111.5864, 
            174.5171, 
            237.727, 
            184.6517, 
            182.748, 
            182.4008, 
            86.4891, 
            182.5804, 
            118.5655, 
            233.6996, 
            214.4691, 
            207.6138, 
            157.4308, 
            93.8855, 
            195.1854, 
            106.3948, 
            237.727, 
            194.9793, 
            108.5856, 
            231.7356, 
            101.1369, 
            149.7961, 
            233.6996, 
            221.1866, 
            231.0843, 
            111.5864, 
            233.6996, 
            205.7285, 
            155.0352, 
            181.7981, 
            156.3161, 
            117.8149, 
            158.9474, 
            143.9785, 
            156.5027, 
            170.0574, 
            102.8436, 
            143.9785, 
            184.906, 
            181.9762, 
            233.6996, 
            231.0843, 
            172.849, 
            143.9785, 
            168.2953, 
            187.7406, 
            95.6906, 
            189.4223, 
            182.6175, 
            233.6996, 
            109.8623, 
            236.3785, 
            233.6996, 
            102.7871, 
            130.6655, 
            217.5214, 
            166.653, 
            177.4165, 
            101.1369, 
            182.3325, 
            134.0256, 
            173.3462, 
            181.5141, 
            115.7912, 
            237.727, 
            237.727, 
            182.9826, 
            197.2203, 
            233.6996, 
            237.727, 
            79.6036, 
            231.0843, 
            194.4386, 
            197.2203, 
            173.3462, 
            125.6383, 
            160.5928, 
            237.727, 
            184.719, 
            192.0448, 
            194.4386, 
            237.727, 
            172.849, 
            182.5804, 
            182.4008, 
            237.727, 
            231.0843, 
            231.0843, 
            105.4344, 
            182.748, 
            100.1378, 
            231.7356, 
            109.8623, 
            109.8623, 
            231.0843, 
            180.4357, 
            192.5652, 
            182.9826, 
            231.7356, 
            182.6654, 
            143.5046, 
            221.1866, 
            233.6996, 
            221.1866, 
            106.3948, 
            178.1758, 
            163.1689, 
            149.6745, 
            160.4012, 
            145.0566, 
            221.1866, 
            221.1866, 
            120.7744, 
            206.0903, 
            124.986, 
            125.2354, 
            163.2695, 
            231.7356, 
            181.5141, 
            233.6996, 
            117.5699, 
            182.8376, 
            157.6209, 
            180.9051, 
            237.727, 
            125.7128, 
            182.5804, 
            195.1854, 
            197.2203, 
            214.2977, 
            73.7813, 
            237.727, 
            218.0612, 
            200.593, 
            166.5092, 
            233.6996, 
            233.6996, 
            98.5491, 
            173.3462, 
            129.548, 
            192.5652, 
            173.3462, 
            93.8855, 
            116.5602, 
            231.0843, 
            131.1572, 
            183.8419, 
            197.2203, 
            181.5141, 
            175.7349, 
            106.87, 
            181.9762, 
            221.1866, 
            188.9957, 
            231.7356, 
            184.906, 
            148.7908, 
            106.3948, 
            181.5141, 
            95.6906, 
            148.8733, 
            185.3123, 
            105.4344, 
            168.2953, 
            190.8345, 
            98.2711, 
            181.5325, 
            183.7955, 
            176.6212, 
            209.0163, 
            237.727, 
            182.748, 
            182.3325, 
            231.7356, 
            163.2695, 
            191.5683, 
            218.0238, 
            231.7356, 
            105.4013, 
            120.9303, 
            167.0176, 
            181.9762, 
            189.4223, 
            125.7128, 
            192.5652, 
            233.6996, 
            181.5141, 
            180.4357, 
            120.7744, 
            175.3761, 
            221.1866, 
            173.3462, 
            100.1378, 
            180.4357, 
            102.4382, 
            103.2295, 
            181.9762, 
            115.3284, 
            105.4013, 
            106.87, 
            188.8512, 
            86.4891, 
            218.0612, 
            182.748, 
            164.1522, 
            207.6138, 
            233.6996, 
            172.4271, 
            184.906, 
            180.4357, 
            181.5141, 
            181.5141, 
            95.6906, 
            182.1554, 
            237.727, 
            173.3462, 
            184.6517, 
            148.0611, 
            109.8623, 
            148.0611, 
            214.2977, 
            233.6996, 
            184.906, 
            172.849, 
            181.2644, 
            103.0363, 
            177.4165, 
            237.727, 
            142.6967, 
            195.7352, 
            89.8453, 
            176.1891, 
            175.3761, 
            109.8623, 
            223.418, 
            123.3413, 
            207.6138, 
            106.3948, 
            164.1522, 
            237.727, 
            191.5683, 
            233.6996, 
            105.4013, 
            194.1254, 
            195.1854, 
            93.8855, 
            177.4165, 
            148.8733, 
            221.1866, 
            182.8376, 
            89.8453, 
            231.0843, 
            131.6951, 
            173.3462, 
            109.8623, 
            100.1378, 
            182.4008, 
            236.3785, 
            86.4891, 
            218.0612, 
            182.7647, 
            190.8345, 
            181.5141, 
            221.1866, 
            237.727, 
            115.7912, 
            221.1866, 
            221.1866, 
            125.7128, 
            205.7285, 
            216.9409, 
            197.2203, 
            156.5027, 
            181.5141, 
            159.1609, 
            237.727, 
            169.266, 
            166.5092, 
            162.5001, 
            101.1369, 
            159.1609, 
            231.0843, 
            237.727, 
            138.405, 
            100.1378, 
            187.0535, 
            172.849, 
            179.1554, 
            125.6383, 
            125.7128, 
            237.727, 
            184.719, 
            180.4357, 
            123.3413, 
            211.6173, 
            100.1378, 
            102.8436, 
            125.8095, 
            176.1891, 
            161.9433, 
            180.4357, 
            153.7978, 
            106.3948, 
            182.9005, 
            161.9433, 
            167.9644, 
            106.3948, 
            180.4357, 
            190.8345, 
            105.4344, 
            181.7981, 
            221.1866, 
            177.4165, 
            197.2203, 
            181.9762, 
            179.5561, 
            182.748, 
            181.9762, 
            221.1866, 
            184.8299, 
            194.1346, 
            162.974, 
            164.3538, 
            218.0612, 
            168.8533, 
            159.653, 
            174.501, 
            157.6209, 
            221.1866, 
            105.2005, 
            148.8814, 
            81.9173, 
            237.727, 
            182.9826, 
            168.3889, 
            233.6996, 
            166.653, 
            218.0612, 
            233.6996, 
            192.5652, 
            175.6237, 
            157.4755, 
            194.1346, 
            164.3484, 
            195.1854, 
            164.1522, 
            195.1854, 
            179.0562, 
            233.6996, 
            105.3753, 
            236.3785, 
            231.0843, 
            129.7491, 
            233.6996, 
            187.0297, 
            192.3477, 
            231.0843, 
            189.9473, 
            237.727, 
            233.6996, 
            207.6138, 
            103.0363, 
            187.0297, 
            106.3948, 
            231.0843, 
            174.8047, 
            176.1891, 
            102.4382, 
            96.6717, 
            105.4013, 
            189.9473, 
            174.501, 
            237.727, 
            166.5092, 
            233.6996, 
            221.1866, 
            164.3484, 
            221.1866, 
            85.4662, 
            194.9793, 
            231.0843, 
            131.1572, 
            162.5001, 
            182.1554, 
            190.8345, 
            86.4891, 
            106.3948, 
            103.2295, 
            188.9397, 
            237.727, 
            111.3293, 
            233.6996, 
            236.3785, 
            233.6996, 
            233.6996, 
            182.6654, 
            163.3112, 
            155.6062, 
            102.4382, 
            167.7737, 
            231.0843, 
            199.2517, 
            86.7933, 
            105.4013, 
            113.4737, 
            231.7356, 
            221.1866, 
            106.3948, 
            181.9762, 
            190.9408, 
            181.5141, 
            143.9785, 
            184.699, 
            183.1262, 
            143.5046, 
            168.9586, 
            184.699, 
            182.748, 
            125.2354, 
            175.8457, 
            106.3948, 
            182.9826, 
            231.0843, 
            166.1583, 
            109.8623, 
            152.4264, 
            189.4223, 
            181.5325, 
            207.6138, 
            188.8512, 
            181.5141, 
            152.4264, 
            180.9985, 
            101.1369, 
            237.727, 
            105.4013, 
            162.9033, 
            105.4344, 
            168.8975, 
            195.7352, 
            183.2393, 
            237.727, 
            231.0843, 
            147.5653, 
            233.6996, 
            190.8345, 
            179.409, 
            191.5683, 
            178.5672, 
            218.0612, 
            236.3785, 
            195.1854, 
            173.3462, 
            167.0176, 
            127.9239, 
            197.2203, 
            181.7981, 
            100.1378, 
            237.727, 
            180.4357, 
            194.4879, 
            237.727, 
            233.6996, 
            231.0843, 
            95.6906, 
            106.3948, 
            106.758, 
            206.0903, 
            118.5655, 
            233.6996, 
            181.5141, 
            237.727, 
            221.1866, 
            146.9496, 
            233.6996, 
            181.9762, 
            143.9891, 
            233.6996, 
            231.0843, 
            169.266, 
            180.4357, 
            101.1369, 
            231.0843, 
            93.8855, 
            218.0612, 
            130.1341, 
            221.1866, 
            109.8623, 
            124.1538, 
            94.3685, 
            207.6138, 
            182.4008, 
            194.9793, 
            207.6138, 
            207.6138, 
            181.9762, 
            237.727, 
            107.2087, 
            156.3161, 
            184.6517, 
            108.5806, 
            133.3499, 
            115.7912, 
            207.6138, 
            97.4732, 
            133.4216, 
            233.6996, 
            163.1689, 
            233.6996, 
            133.3499, 
            221.1866, 
            231.7356, 
            178.3873, 
            237.727, 
            113.4936, 
            181.5141, 
            231.7356, 
            237.727, 
            233.6996, 
            133.3499, 
            169.0373, 
            120.638, 
            191.5683, 
            236.3785, 
            181.5141, 
            167.0176, 
            197.2203, 
            183.7955, 
            109.8623, 
            180.4357, 
            237.727, 
            233.6996, 
            153.8138, 
            195.7352, 
            170.3782, 
            233.6996, 
            175.7818, 
            194.4386, 
            115.2702, 
            188.8512, 
            207.6138, 
            109.9423, 
            221.1866, 
            182.748, 
            105.4013, 
            182.5804, 
            233.6996, 
            125.2354, 
            182.1554, 
            233.6996, 
            237.727, 
            221.1866, 
            207.6138, 
            180.4357, 
            191.5683, 
            237.727, 
            211.6173, 
            231.7356, 
            236.3785, 
            177.4165, 
            182.5804, 
            231.7356, 
            231.7356, 
            216.8896, 
            233.6996, 
            86.4891, 
            237.727, 
            231.0843, 
            103.2295, 
            237.727, 
            231.0843, 
            85.4662, 
            197.2203, 
            181.9762, 
            182.5804, 
            180.9051, 
            111.3293, 
            181.5141, 
            207.6138, 
            105.3753, 
            180.4357, 
            143.0163, 
            233.6996, 
            231.0843, 
            106.758, 
            102.8436, 
            103.2295, 
            163.9379, 
            181.7981, 
            180.9985, 
            181.9762, 
            231.0843, 
            130.6655, 
            181.5141, 
            138.405, 
            237.727, 
            123.0866, 
            218.0612, 
            191.295, 
            175.6237, 
            102.7871, 
            181.7981, 
            182.1554, 
            190.9408, 
            100.1378, 
            167.7737, 
            111.3293, 
            168.2953, 
            175.7818, 
            236.3785, 
            168.9319, 
            194.9793, 
            233.6996, 
            205.7285, 
            221.1866, 
            237.727, 
            129.2535, 
            214.4691, 
            207.6138, 
            207.6138, 
            231.7356, 
            79.6036, 
            233.6996, 
            197.6293, 
            111.5864, 
            87.5165, 
            159.8858, 
            182.4008, 
            183.7955, 
            237.727, 
            173.3462, 
            233.6996, 
            182.5804, 
            168.2852, 
            109.8623, 
            150.9155, 
            174.7572, 
            106.3948, 
            233.6996, 
            187.636, 
            237.727, 
            233.6996, 
            179.5561, 
            174.501, 
            231.0843, 
            207.6138, 
            236.3785, 
            174.8047, 
            231.7356, 
            207.6138, 
            191.5683, 
            221.1866, 
            101.1369, 
            221.1866, 
            182.9826, 
            145.8426, 
            231.7356, 
            237.727, 
            184.6517, 
            163.5912, 
            184.906, 
            231.0843, 
            124.986, 
            182.4008, 
            86.7933, 
            187.0297, 
            236.3785, 
            104.2166, 
            160.7198, 
            137.6371, 
            182.577
        ], 
        "x": [
            96.0, 
            310.0, 
            257.0, 
            214.0, 
            180.0, 
            156.0, 
            164.0, 
            34.0, 
            97.0, 
            114.0, 
            160.0, 
            192.0, 
            145.0, 
            153.0, 
            144.0, 
            212.0, 
            133.0, 
            107.0, 
            152.0, 
            166.0, 
            79.0, 
            193.0, 
            154.0, 
            126.0, 
            97.0, 
            64.0, 
            221.0, 
            169.0, 
            360.0, 
            106.0, 
            167.0, 
            126.0, 
            113.0, 
            80.0, 
            160.0, 
            275.0, 
            145.0, 
            238.0, 
            216.0, 
            152.0, 
            153.0, 
            73.0, 
            179.0, 
            191.0, 
            162.0, 
            203.0, 
            198.0, 
            212.0, 
            205.0, 
            130.0, 
            180.0, 
            96.0, 
            134.0, 
            72.0, 
            119.0, 
            155.0, 
            128.0, 
            146.0, 
            159.0, 
            102.0, 
            176.0, 
            236.0, 
            332.0, 
            86.0, 
            82.0, 
            152.0, 
            268.0, 
            314.0, 
            186.0, 
            177.0, 
            107.0, 
            82.0, 
            126.0, 
            417.0, 
            162.0, 
            164.0, 
            162.0, 
            97.0, 
            161.0, 
            217.0, 
            254.0, 
            212.0, 
            226.0, 
            181.0, 
            157.0, 
            163.0, 
            109.0, 
            177.0, 
            283.0, 
            148.0, 
            129.0, 
            118.0, 
            298.0, 
            184.0, 
            328.0, 
            155.0, 
            254.0, 
            403.0, 
            233.0, 
            150.0, 
            77.0, 
            210.0, 
            123.0, 
            104.0, 
            236.0, 
            135.0, 
            240.0, 
            108.0, 
            127.0, 
            178.0, 
            160.0, 
            152.0, 
            166.0, 
            133.0, 
            121.0, 
            196.0, 
            43.0, 
            188.0, 
            128.0, 
            215.0, 
            142.0, 
            247.0, 
            102.0, 
            199.0, 
            151.0, 
            227.0, 
            200.0, 
            197.0, 
            93.0, 
            53.0, 
            249.0, 
            121.0, 
            169.0, 
            168.0, 
            212.0, 
            151.0, 
            199.0, 
            134.0, 
            161.0, 
            251.0, 
            175.0, 
            42.0, 
            156.0, 
            171.0, 
            124.0, 
            171.0, 
            250.0, 
            184.0, 
            171.0, 
            203.0, 
            139.0, 
            205.0, 
            154.0, 
            137.0, 
            343.0, 
            187.0, 
            137.0, 
            46.0, 
            65.0, 
            219.0, 
            222.0, 
            128.0, 
            144.0, 
            212.0, 
            200.0, 
            191.0, 
            65.0, 
            149.0, 
            160.0, 
            193.0, 
            266.0, 
            109.0, 
            152.0, 
            96.0, 
            101.0, 
            108.0, 
            151.0, 
            94.0, 
            238.0, 
            279.0, 
            191.0, 
            197.0, 
            55.0, 
            182.0, 
            211.0, 
            164.0, 
            174.0, 
            153.0, 
            106.0, 
            157.0, 
            136.0, 
            204.0, 
            125.0, 
            197.0, 
            214.0, 
            210.0, 
            153.0, 
            393.0, 
            92.0, 
            96.0, 
            119.0, 
            255.0, 
            170.0, 
            232.0, 
            159.0, 
            182.0, 
            470.0, 
            157.0, 
            105.0, 
            171.0, 
            113.0, 
            77.0, 
            220.0, 
            93.0, 
            121.0, 
            188.0, 
            231.0, 
            148.0, 
            161.0, 
            197.0, 
            211.0, 
            76.0, 
            158.0, 
            145.0, 
            214.0, 
            156.0, 
            129.0, 
            108.0, 
            142.0, 
            133.0, 
            182.0, 
            270.0, 
            96.0, 
            173.0, 
            155.0, 
            226.0, 
            351.0, 
            138.0, 
            153.0, 
            210.0, 
            176.0, 
            271.0, 
            188.0, 
            82.0, 
            174.0, 
            311.0, 
            189.0, 
            238.0, 
            110.0, 
            76.0, 
            189.0, 
            172.0, 
            138.0, 
            170.0, 
            249.0, 
            174.0, 
            207.0, 
            225.0, 
            189.0, 
            194.0, 
            158.0, 
            146.0, 
            196.0, 
            184.0, 
            150.0, 
            163.0, 
            247.0, 
            187.0, 
            117.0, 
            236.0, 
            151.0, 
            201.0, 
            158.0, 
            94.0, 
            69.0, 
            274.0, 
            72.0, 
            88.0, 
            65.0, 
            146.0, 
            166.0, 
            184.0, 
            73.0, 
            148.0, 
            178.0, 
            84.0, 
            257.0, 
            209.0, 
            185.0, 
            143.0, 
            198.0, 
            108.0, 
            238.0, 
            182.0, 
            143.0, 
            147.0, 
            140.0, 
            183.0, 
            193.0, 
            288.0, 
            214.0, 
            327.0, 
            56.0, 
            307.0, 
            76.0, 
            165.0, 
            75.0, 
            152.0, 
            211.0, 
            204.0, 
            124.0, 
            184.0, 
            271.0, 
            201.0, 
            202.0, 
            171.0, 
            209.0, 
            179.0, 
            159.0, 
            122.0, 
            171.0, 
            253.0, 
            105.0, 
            239.0, 
            157.0, 
            127.0, 
            277.0, 
            194.0, 
            235.0, 
            108.0, 
            172.0, 
            272.0, 
            226.0, 
            134.0, 
            249.0, 
            73.0, 
            219.0, 
            195.0, 
            204.0, 
            244.0, 
            233.0, 
            146.0, 
            168.0, 
            124.0, 
            84.0, 
            325.0, 
            239.0, 
            92.0, 
            396.0, 
            72.0, 
            171.0, 
            187.0, 
            215.0, 
            177.0, 
            86.0, 
            198.0, 
            153.0, 
            128.0, 
            295.0, 
            228.0, 
            129.0, 
            243.0, 
            113.0, 
            200.0, 
            241.0, 
            103.0, 
            109.0, 
            166.0, 
            180.0, 
            241.0, 
            218.0, 
            147.0, 
            113.0, 
            187.0, 
            128.0, 
            93.0, 
            191.0, 
            198.0, 
            171.0, 
            101.0, 
            329.0, 
            212.0, 
            81.0, 
            162.0, 
            190.0, 
            142.0, 
            163.0, 
            98.0, 
            188.0, 
            158.0, 
            144.0, 
            198.0, 
            71.0, 
            167.0, 
            199.0, 
            301.0, 
            164.0, 
            331.0, 
            270.0, 
            67.0, 
            142.0, 
            152.0, 
            181.0, 
            252.0, 
            204.0, 
            122.0, 
            186.0, 
            127.0, 
            347.0, 
            222.0, 
            237.0, 
            179.0, 
            140.0, 
            165.0, 
            235.0, 
            211.0, 
            352.0, 
            92.0, 
            200.0, 
            81.0, 
            212.0, 
            97.0, 
            69.0, 
            250.0, 
            166.0, 
            161.0, 
            126.0, 
            268.0, 
            216.0, 
            148.0, 
            173.0, 
            185.0, 
            148.0, 
            182.0, 
            210.0, 
            125.0, 
            135.0, 
            175.0, 
            131.0, 
            263.0, 
            219.0, 
            83.0, 
            174.0, 
            113.0, 
            93.0, 
            184.0, 
            308.0, 
            115.0, 
            180.0, 
            91.0, 
            191.0, 
            99.0, 
            226.0, 
            205.0, 
            140.0, 
            151.0, 
            145.0, 
            213.0, 
            192.0, 
            57.0, 
            308.0, 
            200.0, 
            250.0, 
            203.0, 
            263.0, 
            186.0, 
            73.0, 
            161.0, 
            138.0, 
            161.0, 
            147.0, 
            77.0, 
            147.0, 
            245.0, 
            100.0, 
            238.0, 
            256.0, 
            143.0, 
            160.0, 
            124.0, 
            47.0, 
            153.0, 
            170.0, 
            172.0, 
            189.0, 
            122.0, 
            116.0, 
            297.0, 
            78.0, 
            154.0, 
            181.0, 
            60.0, 
            146.0, 
            146.0, 
            74.0, 
            184.0, 
            346.0, 
            135.0, 
            232.0, 
            177.0, 
            193.0, 
            165.0, 
            288.0, 
            131.0, 
            157.0, 
            331.0, 
            265.0, 
            167.0, 
            126.0, 
            196.0, 
            441.0, 
            197.0, 
            103.0, 
            195.0, 
            153.0, 
            270.0, 
            171.0, 
            94.0, 
            158.0, 
            215.0, 
            174.0, 
            78.0, 
            145.0, 
            61.0, 
            56.0, 
            274.0, 
            88.0, 
            71.0, 
            110.0, 
            142.0, 
            276.0, 
            179.0, 
            238.0, 
            123.0, 
            160.0, 
            77.0, 
            268.0, 
            145.0, 
            237.0, 
            172.0, 
            229.0, 
            61.0, 
            197.0, 
            214.0, 
            148.0, 
            132.0, 
            137.0, 
            167.0, 
            155.0, 
            134.0, 
            233.0, 
            179.0, 
            186.0, 
            110.0, 
            116.0, 
            187.0, 
            266.0, 
            146.0, 
            236.0, 
            104.0, 
            207.0, 
            134.0, 
            71.0, 
            365.0, 
            130.0, 
            237.0, 
            87.0, 
            124.0, 
            78.0, 
            158.0, 
            202.0, 
            206.0, 
            304.0, 
            166.0, 
            94.0, 
            197.0, 
            168.0, 
            262.0, 
            247.0, 
            107.0, 
            211.0, 
            153.0, 
            137.0, 
            94.0, 
            114.0, 
            214.0, 
            186.0, 
            64.0, 
            198.0, 
            156.0, 
            173.0, 
            61.0, 
            231.0, 
            173.0, 
            77.0, 
            193.0, 
            195.0, 
            86.0, 
            209.0, 
            178.0, 
            178.0, 
            154.0, 
            279.0, 
            142.0, 
            177.0, 
            212.0, 
            129.0, 
            127.0, 
            112.0, 
            228.0, 
            180.0, 
            202.0, 
            127.0, 
            68.0, 
            176.0, 
            163.0, 
            148.0, 
            91.0, 
            183.0, 
            168.0, 
            169.0, 
            210.0, 
            73.0, 
            236.0, 
            91.0, 
            112.0, 
            132.0, 
            144.0, 
            168.0, 
            221.0, 
            152.0, 
            184.0, 
            156.0, 
            122.0, 
            167.0, 
            70.0, 
            278.0, 
            188.0, 
            77.0, 
            225.0, 
            261.0, 
            146.0, 
            153.0, 
            82.0, 
            220.0, 
            199.0, 
            212.0, 
            182.0, 
            137.0, 
            141.0, 
            126.0, 
            178.0, 
            269.0, 
            215.0, 
            124.0, 
            164.0, 
            132.0, 
            158.0, 
            105.0, 
            136.0, 
            95.0, 
            155.0, 
            156.0, 
            184.0, 
            210.0, 
            197.0, 
            223.0, 
            172.0, 
            151.0, 
            163.0, 
            147.0, 
            211.0, 
            209.0, 
            197.0, 
            155.0, 
            220.0, 
            198.0, 
            180.0, 
            209.0, 
            192.0, 
            325.0, 
            90.0, 
            174.0, 
            169.0, 
            200.0, 
            209.0, 
            179.0, 
            214.0, 
            246.0, 
            172.0, 
            76.0, 
            258.0, 
            188.0, 
            330.0, 
            155.0, 
            166.0, 
            58.0, 
            149.0, 
            98.0, 
            163.0, 
            131.0, 
            272.0, 
            155.0, 
            347.0, 
            304.0, 
            136.0, 
            225.0, 
            199.0, 
            158.0, 
            459.0, 
            108.0, 
            140.0, 
            149.0, 
            166.0, 
            91.0, 
            83.0, 
            98.0, 
            145.0, 
            197.0, 
            184.0, 
            151.0, 
            216.0, 
            246.0, 
            250.0, 
            182.0, 
            203.0, 
            129.0, 
            69.0, 
            118.0, 
            198.0, 
            238.0, 
            82.0, 
            102.0, 
            109.0, 
            195.0, 
            207.0, 
            118.0, 
            233.0, 
            195.0, 
            179.0, 
            139.0, 
            155.0, 
            188.0, 
            114.0, 
            283.0, 
            224.0, 
            178.0, 
            69.0, 
            226.0, 
            71.0, 
            154.0, 
            211.0, 
            205.0, 
            161.0, 
            117.0, 
            158.0, 
            266.0, 
            262.0, 
            216.0, 
            176.0, 
            148.0, 
            62.0, 
            64.0, 
            199.0, 
            114.0, 
            267.0, 
            158.0, 
            165.0, 
            149.0, 
            146.0, 
            241.0, 
            318.0, 
            114.0, 
            243.0, 
            174.0, 
            258.0, 
            177.0, 
            192.0, 
            181.0, 
            243.0, 
            220.0, 
            163.0, 
            168.0, 
            79.0, 
            222.0, 
            198.0, 
            115.0, 
            169.0, 
            196.0, 
            185.0, 
            178.0, 
            241.0, 
            223.0, 
            65.0, 
            185.0, 
            86.0, 
            214.0, 
            79.0, 
            244.0, 
            158.0, 
            226.0, 
            176.0, 
            139.0, 
            277.0, 
            154.0, 
            121.0, 
            148.0, 
            187.0, 
            122.0, 
            169.0, 
            77.0, 
            219.0, 
            76.0, 
            223.0, 
            95.0, 
            188.0, 
            72.0, 
            206.0, 
            43.0, 
            217.0, 
            166.0, 
            222.0, 
            158.0, 
            167.0, 
            185.0, 
            222.0, 
            156.0, 
            136.0, 
            213.0, 
            104.0, 
            118.0, 
            117.0, 
            168.0, 
            97.0, 
            133.0, 
            220.0, 
            219.0, 
            238.0, 
            119.0, 
            201.0, 
            283.0, 
            143.0, 
            216.0, 
            116.0, 
            174.0, 
            190.0, 
            273.0, 
            176.0, 
            119.0, 
            132.0, 
            88.0, 
            395.0, 
            198.0, 
            192.0, 
            137.0, 
            208.0, 
            206.0, 
            100.0, 
            162.0, 
            252.0, 
            250.0, 
            233.0, 
            194.0, 
            150.0, 
            182.0, 
            188.0, 
            207.0, 
            187.0, 
            125.0, 
            134.0, 
            102.0, 
            236.0, 
            103.0, 
            94.0, 
            139.0, 
            224.0, 
            114.0, 
            91.0, 
            153.0, 
            218.0, 
            174.0, 
            233.0, 
            177.0, 
            213.0, 
            274.0, 
            168.0, 
            118.0, 
            240.0, 
            179.0, 
            165.0, 
            255.0, 
            156.0, 
            229.0, 
            264.0, 
            56.0, 
            223.0, 
            213.0, 
            162.0, 
            281.0, 
            176.0, 
            56.0, 
            204.0, 
            158.0, 
            217.0, 
            141.0, 
            100.0, 
            147.0, 
            198.0, 
            71.0, 
            197.0, 
            134.0, 
            200.0, 
            193.0, 
            130.0, 
            73.0, 
            75.0, 
            116.0, 
            184.0, 
            78.0, 
            233.0, 
            154.0, 
            139.0, 
            170.0, 
            132.0, 
            208.0, 
            95.0, 
            320.0, 
            212.0, 
            162.0, 
            134.0, 
            217.0, 
            174.0, 
            135.0, 
            64.0, 
            158.0, 
            100.0, 
            124.0, 
            184.0, 
            232.0, 
            123.0, 
            209.0, 
            238.0, 
            197.0, 
            216.0, 
            309.0, 
            81.0, 
            209.0, 
            148.0, 
            159.0, 
            226.0, 
            70.0, 
            212.0, 
            381.0, 
            85.0, 
            39.0, 
            208.0, 
            256.0, 
            188.0, 
            198.0, 
            156.0, 
            198.0, 
            160.0, 
            202.0, 
            69.0, 
            235.0, 
            47.0, 
            70.0, 
            297.0, 
            149.0, 
            230.0, 
            279.0, 
            256.0, 
            118.0, 
            257.0, 
            207.0, 
            218.0, 
            206.0, 
            186.0, 
            204.0, 
            295.0, 
            212.0, 
            64.0, 
            112.0, 
            130.0, 
            98.0, 
            190.0, 
            208.0, 
            131.0, 
            159.0, 
            58.0, 
            268.0, 
            97.0, 
            122.0, 
            59.0, 
            171.0, 
            335.0, 
            125.0, 
            191.0, 
            145.0, 
            111.0
        ]
    }, 
    "regression_performance": {
        "max_error": 136.91064582746472, 
        "median_error": -9.699635610092969, 
        "error_distribution": [
            {
                "count": 360, 
                "bin_max": -58.938607466337203, 
                "bin_id": 0, 
                "bin_min": -80.917245891530527
            }, 
            {
                "count": 676, 
                "bin_max": -37.17757932258143, 
                "bin_id": 1, 
                "bin_min": -58.938607466337203
            }, 
            {
                "count": 1142, 
                "bin_max": -15.416551178825657, 
                "bin_id": 2, 
                "bin_min": -37.17757932258143
            }, 
            {
                "count": 1039, 
                "bin_max": 6.3444769649301094, 
                "bin_id": 3, 
                "bin_min": -15.416551178825657
            }, 
            {
                "count": 640, 
                "bin_max": 28.105505108685875, 
                "bin_id": 4, 
                "bin_min": 6.3444769649301094
            }, 
            {
                "count": 381, 
                "bin_max": 49.866533252441656, 
                "bin_id": 5, 
                "bin_min": 28.105505108685875
            }, 
            {
                "count": 299, 
                "bin_max": 71.627561396197422, 
                "bin_id": 6, 
                "bin_min": 49.866533252441656
            }, 
            {
                "count": 177, 
                "bin_max": 93.388589539953188, 
                "bin_id": 7, 
                "bin_min": 71.627561396197422
            }, 
            {
                "count": 94, 
                "bin_max": 115.14961768370895, 
                "bin_id": 8, 
                "bin_min": 93.388589539953188
            }, 
            {
                "count": 145, 
                "bin_max": 136.91064582746472, 
                "bin_id": 9, 
                "bin_min": 115.14961768370895
            }
        ], 
        "min_error": -80.699635610092969, 
        "average_error": -1.2845475481936786, 
        "std_error": 46.807671997998085, 
        "p75_error": 21.575859961357537, 
        "p90_error": 65.277665543112136, 
        "p25_error": -33.220317646879806
    }
}