{
  "state": "DONE",
  "postSearchDescription": {
    "importantParams": [
      {
        "name": "trees",
        "val": "100"
      },
      {
        "name": "depth",
        "val": "23"
      },
      {
        "name": "min_samples",
        "val": "17"
      }
    ]
  },
  "progress": {
    "top_level_todo": [],
    "stack": [],
    "top_level_done": [
      {
        "name": "Loading train set",
        "time": 36
      },
      {
        "name": "Loading test set",
        "time": 12
      },
      {
        "name": "Collecting preprocessing data",
        "time": 15
      },
      {
        "name": "Preprocessing train set",
        "time": 59
      },
      {
        "name": "Preprocessing test set",
        "time": 26
      },
      {
        "name": "Fitting model",
        "time": 16001
      },
      {
        "name": "Saving model",
        "time": 14
      },
      {
        "name": "Scoring model",
        "time": 609
      }
    ]
  },
  "startTime": 1486653814400,
  "endTime": 1486653831174,
  "preprocessingTime": 0,
  "trainingTime": 16774
}